<code_scheme name="RESTEASY" version="173">
  <option name="CLASS_COUNT_TO_USE_IMPORT_ON_DEMAND" value="1000" />
  <option name="NAMES_COUNT_TO_USE_IMPORT_ON_DEMAND" value="1000" />
  <JavaCodeStyleSettings>
    <option name="CLASS_COUNT_TO_USE_IMPORT_ON_DEMAND" value="1000" />
    <option name="NAMES_COUNT_TO_USE_IMPORT_ON_DEMAND" value="1000" />
  </JavaCodeStyleSettings>
  <codeStyleSettings language="JAVA">
    <option name="BRACE_STYLE" value="2" />
    <option name="CLASS_BRACE_STYLE" value="2" />
    <option name="METHOD_BRACE_STYLE" value="2" />
    <option name="LAMBDA_BRACE_STYLE" value="2" />
    <indentOptions>
      <option name="INDENT_SIZE" value="3" />
      <option name="CONTINUATION_INDENT_SIZE" value="6" />
      <option name="TAB_SIZE" value="3" />
    </indentOptions>
  </codeStyleSettings>
</code_scheme>