<code_scheme name="silverware" version="173">
  <option name="CLASS_COUNT_TO_USE_IMPORT_ON_DEMAND" value="1000" />
  <option name="NAMES_COUNT_TO_USE_IMPORT_ON_DEMAND" value="1000" />
  <option name="IMPORT_LAYOUT_TABLE">
    <value>
      <package name="" withSubpackages="true" static="true" />
      <emptyLine />
      <package name="io.silverware" withSubpackages="true" static="false" />
      <emptyLine />
      <package name="io" withSubpackages="true" static="false" />
      <emptyLine />
      <package name="com" withSubpackages="true" static="false" />
      <emptyLine />
      <package name="org" withSubpackages="true" static="false" />
      <emptyLine />
      <package name="junit" withSubpackages="true" static="false" />
      <emptyLine />
      <package name="sun" withSubpackages="true" static="false" />
      <emptyLine />
      <package name="java" withSubpackages="true" static="false" />
      <emptyLine />
      <package name="javax" withSubpackages="true" static="false" />
      <emptyLine />
      <package name="" withSubpackages="true" static="false" />
    </value>
  </option>
  <JavaCodeStyleSettings>
    <option name="CLASS_COUNT_TO_USE_IMPORT_ON_DEMAND" value="1000" />
    <option name="NAMES_COUNT_TO_USE_IMPORT_ON_DEMAND" value="1000" />
    <option name="IMPORT_LAYOUT_TABLE">
      <value>
        <package name="" withSubpackages="true" static="true" />
        <emptyLine />
        <package name="io.silverware" withSubpackages="true" static="false" />
        <emptyLine />
        <package name="io" withSubpackages="true" static="false" />
        <emptyLine />
        <package name="com" withSubpackages="true" static="false" />
        <emptyLine />
        <package name="org" withSubpackages="true" static="false" />
        <emptyLine />
        <package name="junit" withSubpackages="true" static="false" />
        <emptyLine />
        <package name="sun" withSubpackages="true" static="false" />
        <emptyLine />
        <package name="java" withSubpackages="true" static="false" />
        <emptyLine />
        <package name="javax" withSubpackages="true" static="false" />
        <emptyLine />
        <package name="" withSubpackages="true" static="false" />
      </value>
    </option>
  </JavaCodeStyleSettings>
  <codeStyleSettings language="Groovy">
    <indentOptions>
      <option name="INDENT_SIZE" value="3" />
      <option name="TAB_SIZE" value="3" />
    </indentOptions>
  </codeStyleSettings>
  <codeStyleSettings language="JAVA">
    <indentOptions>
      <option name="INDENT_SIZE" value="3" />
      <option name="TAB_SIZE" value="3" />
    </indentOptions>
  </codeStyleSettings>
  <codeStyleSettings language="XML">
    <indentOptions>
      <option name="INDENT_SIZE" value="3" />
      <option name="TAB_SIZE" value="3" />
    </indentOptions>
  </codeStyleSettings>
</code_scheme>