<application>
  <component name="MavenWrapperMapping">
    <option name="mapping">
      <map>
        <entry key="https://repo.maven.apache.org/maven2/org/apache/maven/apache-maven/3.6.0/apache-maven-3.6.0-bin.zip" value="$USER_HOME$/.m2/wrapper/dists/apache-maven-3.6.0-bin/2dakv70gp803gtm5ve1ufmvttn/apache-maven-3.6.0" />
        <entry key="https://repo.maven.apache.org/maven2/org/apache/maven/apache-maven/3.6.1/apache-maven-3.6.1-bin.zip" value="$USER_HOME$/.m2/wrapper/dists/apache-maven-3.6.1-bin/38pn40mp89t5c94bjdbeod370m/apache-maven-3.6.1" />
        <entry key="https://repo.maven.apache.org/maven2/org/apache/maven/apache-maven/3.6.2/apache-maven-3.6.2-bin.zip" value="$USER_HOME$/.m2/wrapper/dists/apache-maven-3.6.2-bin/795eh28tki48bv3l67maojf0ra/apache-maven-3.6.2" />
        <entry key="https://repo.maven.apache.org/maven2/org/apache/maven/apache-maven/3.6.3/apache-maven-3.6.3-bin.zip" value="$USER_HOME$/.m2/wrapper/dists/apache-maven-3.6.3-bin/1iopthnavndlasol9gbrbg6bf2/apache-maven-3.6.3" />
        <entry key="https://repo.maven.apache.org/maven2/org/apache/maven/apache-maven/3.8.1/apache-maven-3.8.1-bin.zip" value="$USER_HOME$/.m2/wrapper/dists/apache-maven-3.8.1-bin/2l5mhf2pq2clrde7f7qp1rdt5m/apache-maven-3.8.1" />
        <entry key="https://repo.maven.apache.org/maven2/org/apache/maven/apache-maven/3.8.4/apache-maven-3.8.4-bin.zip" value="$USER_HOME$/.m2/wrapper/dists/apache-maven-3.8.4-bin/52ccbt68d252mdldqsfsn03jlf/apache-maven-3.8.4" />
        <entry key="https://repo.maven.apache.org/maven2/org/apache/maven/apache-maven/3.8.6/apache-maven-3.8.6-bin.zip" value="$USER_HOME$/.m2/wrapper/dists/apache-maven-3.8.6-bin/1ks0nkde5v1pk9vtc31i9d0lcd/apache-maven-3.8.6" />
        <entry key="https://repo.maven.apache.org/maven2/org/apache/maven/apache-maven/3.8.7/apache-maven-3.8.7-bin.zip" value="$USER_HOME$/.m2/wrapper/dists/apache-maven-3.8.7-bin/1ktonn2lleg549uah6ngl1r74r/apache-maven-3.8.7" />
        <entry key="https://repo.maven.apache.org/maven2/org/apache/maven/apache-maven/3.8.8/apache-maven-3.8.8-bin.zip" value="$USER_HOME$/.m2/wrapper/dists/apache-maven-3.8.8-bin/5uoequthmqh8cfjqtjqq5t3suq/apache-maven-3.8.8" />
        <entry key="https://repo.maven.apache.org/maven2/org/apache/maven/apache-maven/3.9.3/apache-maven-3.9.3-bin.zip" value="$USER_HOME$/.m2/wrapper/dists/apache-maven-3.9.3-bin/54p6kc7m0ap3os8bc4ge28ia2/apache-maven-3.9.3" />
        <entry key="https://repo.maven.apache.org/maven2/org/apache/maven/apache-maven/3.9.4/apache-maven-3.9.4-bin.zip" value="$USER_HOME$/.m2/wrapper/dists/apache-maven-3.9.4-bin/2vqnav6ufo1qvo5j2um40861m/apache-maven-3.9.4" />
        <entry key="https://repo.maven.apache.org/maven2/org/apache/maven/apache-maven/3.9.5/apache-maven-3.9.5-bin.zip" value="$USER_HOME$/.m2/wrapper/dists/apache-maven-3.9.5-bin/2adeog8mj13csp1uusqnc1f2mo/apache-maven-3.9.5" />
        <entry key="https://repo1.maven.org/maven2/org/apache/maven/apache-maven/3.3.9/apache-maven-3.3.9-bin.zip" value="$USER_HOME$/.m2/wrapper/dists/apache-maven-3.3.9-bin/2609u9g41na2l7ogackmif6fj2/apache-maven-3.3.9" />
        <entry key="https://repo1.maven.org/maven2/org/apache/maven/apache-maven/3.6.3/apache-maven-3.6.3-bin.zip" value="$USER_HOME$/.m2/wrapper/dists/apache-maven-3.6.3-bin/lm9vem38rfmjij3jj0mk5bvnt/apache-maven-3.6.3" />
      </map>
    </option>
  </component>
</application>