<application>
  <component name="FileTypeManager" version="19">
    <extensionMap>
      <mapping pattern="tck" type="AUTO_DETECTED" />
      <mapping ext="gradle.kts" type="Kotlin" />
      <mapping ext="space.kts" type="Kotlin" />
      <mapping ext="main.kts" type="Kotlin" />
      <mapping pattern=".env" type="PLAIN_TEXT" />
      <mapping ext="cli" type="PLAIN_TEXT" />
      <removed_mapping ext="apk" approved="true" type="ARCHIVE" />
      <removed_mapping ext="ddl" approved="true" type="SQL" />
      <removed_mapping ext="env" approved="true" type="Env File" />
      <removed_mapping ext="pdf" approved="true" type="Native" />
      <removed_mapping ext="proto" approved="true" type="PLAIN_TEXT" />
      <removed_mapping ext="psd" approved="true" type="Image" />
      <removed_mapping ext="qute.htm" approved="true" type="Qute" />
      <removed_mapping ext="qute.html" approved="true" type="Qute" />
      <removed_mapping ext="qute.json" approved="true" type="Qute" />
      <removed_mapping ext="qute.txt" approved="true" type="Qute" />
      <removed_mapping ext="qute.yaml" approved="true" type="Qute" />
      <removed_mapping ext="qute.yml" approved="true" type="Qute" />
      <removed_mapping ext="sql" approved="true" type="SQL" />
      <removed_mapping pattern=".env" approved="true" type=".env file" />
      <removed_mapping pattern=".env" approved="true" type="Env File" />
      <mapping ext="odpsql" type="OdpsQL" />
      <mapping ext="q" type="OdpsQL" />
    </extensionMap>
  </component>
</application>