<application>
  <component name="GraziConfig">
    <option name="suppressingContext">
      <SuppressingContext>
        <option name="suppressed">
          <set>
            <option value="recent microservices architecture," />
            <option value="faster but it's" />
            <option value="This reload" />
            <option value="system and it is" />
            <option value="Quarkus applications" />
            <option value="the reload" />
            <option value="Hence the" />
            <option value="time and it needs" />
            <option value="service yet we will" />
            <option value="multi-step" />
            <option value="a reload" />
            <option value="the microservices architecture." />
            <option value="the microservices architecture," />
            <option value="OpenShift extension" />
            <option value="on the top right corner" />
          </set>
        </option>
      </SuppressingContext>
    </option>
  </component>
</application>