<application>
  <component name="IgnoredPluginSuggestions">
    <option name="pluginIds">
      <list>
        <option value="com.haulmont.jpab" />
        <option value="idea.plugin.protoeditor" />
        <option value="aws.toolkit" />
        <option value="com.intellij.bigdatatools.kafka" />
        <option value="com.intellij.javaee.batch" />
        <option value="com.intellij.javaee.ejb" />
        <option value="com.intellij.jsf" />
        <option value="com.intellij.kubernetes" />
      </list>
    </option>
  </component>
</application>