<application>
  <component name="Trusted.Paths">
    <option name="TRUSTED_PROJECT_PATHS">
      <map>
        <entry key="$USER_HOME$/git/xstefank/ai-cli/openai-grammar" value="true" />
        <entry key="$USER_HOME$/git/xstefank/config" value="true" />
        <entry key="$USER_HOME$/git/xstefank/quarkus-operator-sdk" value="true" />
        <entry key="$USER_HOME$/git/xstefank/quarkus-reproducers/mdc-propagation" value="true" />
        <entry key="$USER_HOME$/git/xstefank/smallrye-health" value="true" />
        <entry key="$USER_HOME$/junk/qosdk-helm" value="true" />
        <entry key="$USER_HOME$/junk/qosdk-new-helm" value="true" />
        <entry key="$USER_HOME$/junk/quarkus-test-suite" value="true" />
        <entry key="$USER_HOME$/junk/quarkus-test-suite/http/vertx" value="true" />
      </map>
    </option>
  </component>
  <component name="Trusted.Paths.Settings">
    <option name="TRUSTED_PATHS">
      <list>
        <option value="$USER_HOME$/git/xstefank" />
        <option value="$USER_HOME$/junk" />
      </list>
    </option>
  </component>
</application>