<application>
  <component name="DimensionService">
    <location key="find.popup.5120.0.2560.1440" x="6172" y="215" />
    <location key="find.popup.2560.0.2560.1440" x="3606" y="155" />
    <size key="find.popup.5120.0.2560.1440" width="761" height="792" />
    <size key="find.popup.2560.0.2560.1440" width="649" height="792" />
  </component>
  <component name="WindowManager">
    <frame x="0" y="0" width="1280" height="1418" extendedState="4" />
  </component>
  <component name="WindowStateApplicationService">
    <state x="3615" y="385" width="428" height="480" key="FileChooserDialogImpl" timestamp="1751870391068">
      <screen x="2560" y="0" width="2560" height="1440" />
    </state>
    <state x="3615" y="385" width="428" height="480" key="FileChooserDialogImpl/0.0.2560.1440/7680.0.2560.1440/2560.0.2560.1440/5120.0.2560.1440" timestamp="1751870391068" />
    <state width="689" height="117" key="ShowUsagesActions.dimensionServiceKey" timestamp="1752059722695">
      <screen x="2560" y="0" width="2560" height="1440" />
    </state>
    <state width="689" height="117" key="ShowUsagesActions.dimensionServiceKey/2560.0.2560.1440/7680.0.2560.1440/0.0.2560.1440/5120.0.2560.1440" timestamp="1752059722695" />
    <state x="3200" y="709" width="1280" height="1418" key="WELCOME_SCREEN" timestamp="1751870391219">
      <screen x="2560" y="0" width="2560" height="1440" />
    </state>
    <state x="3200" y="709" width="1280" height="1418" key="WELCOME_SCREEN/0.0.2560.1440/7680.0.2560.1440/2560.0.2560.1440/5120.0.2560.1440" timestamp="1751870391219" />
  </component>
</application>