<keymap version="1" name="XWin copy" parent="Default for XWin">
  <action id="Diff.ApplyLeftSide" />
  <action id="EmojiPicker.Open" />
  <action id="Maven.ReimportProject">
    <keyboard-shortcut first-keystroke="ctrl alt r" />
  </action>
  <action id="NewElementInMenuGroup">
    <keyboard-shortcut first-keystroke="ctrl alt semicolon" />
  </action>
  <action id="SelectInProjectView">
    <keyboard-shortcut first-keystroke="ctrl alt comma" />
  </action>
  <action id="ToggleInlayHintsGloballyAction">
    <keyboard-shortcut first-keystroke="shift ctrl alt close_bracket" />
  </action>
  <action id="editRunConfigurations">
    <keyboard-shortcut first-keystroke="shift ctrl alt e" />
  </action>
</keymap>