<keymap version="1" name="XWin copy 1" parent="Default for XWin">
  <action id="ActivateAIAssistantToolWindow">
    <keyboard-shortcut first-keystroke="shift ctrl alt comma" />
  </action>
  <action id="ActivateMavenToolWindow">
    <keyboard-shortcut first-keystroke="alt n" />
  </action>
  <action id="BreakpointActionsGroup">
    <keyboard-shortcut first-keystroke="shift ctrl f8" />
  </action>
  <action id="EditorDecreaseFontSize">
    <keyboard-shortcut first-keystroke="ctrl minus" />
  </action>
  <action id="EditorIncreaseFontSize">
    <keyboard-shortcut first-keystroke="shift ctrl equals" />
  </action>
  <action id="EditorResetFontSize">
    <keyboard-shortcut first-keystroke="shift ctrl minus" />
  </action>
  <action id="EditorToggleShowIndentLines">
    <keyboard-shortcut first-keystroke="shift ctrl alt quote" />
  </action>
  <action id="EmojiPicker.Open">
    <keyboard-shortcut first-keystroke="shift ctrl alt back_slash" />
  </action>
  <action id="Generate">
    <keyboard-shortcut first-keystroke="alt insert" />
    <keyboard-shortcut first-keystroke="ctrl alt semicolon" />
  </action>
  <action id="GotoNextError">
    <keyboard-shortcut first-keystroke="f2" />
    <keyboard-shortcut first-keystroke="ctrl alt period" />
  </action>
  <action id="Maven.Reimport">
    <keyboard-shortcut first-keystroke="shift ctrl alt r" />
  </action>
  <action id="Maven.ReimportProject">
    <keyboard-shortcut first-keystroke="ctrl alt r" />
  </action>
  <action id="NewElementInMenuGroup">
    <keyboard-shortcut first-keystroke="ctrl alt semicolon" />
  </action>
  <action id="QuickList.My Tab actions">
    <keyboard-shortcut first-keystroke="ctrl alt quote" />
  </action>
  <action id="RenameFile">
    <keyboard-shortcut first-keystroke="shift f6" />
  </action>
  <action id="ReopenClosedTab">
    <keyboard-shortcut first-keystroke="ctrl semicolon" />
  </action>
  <action id="SelectInProjectView">
    <keyboard-shortcut first-keystroke="ctrl alt comma" />
  </action>
  <action id="ShowUmlDiagram" />
  <action id="TogglePresentationMode">
    <keyboard-shortcut first-keystroke="shift ctrl alt close_bracket" />
  </action>
  <action id="com.andrewbrookins.idea.wrap.WrapAction">
    <keyboard-shortcut first-keystroke="shift ctrl meta w" />
    <keyboard-shortcut first-keystroke="shift ctrl alt w" />
    <keyboard-shortcut first-keystroke="shift ctrl alt u" />
  </action>
  <action id="com.andrewbrookins.idea.wrap.WrapParagraphAction">
    <keyboard-shortcut first-keystroke="shift ctrl alt w" />
    <keyboard-shortcut first-keystroke="shift ctrl alt u" />
  </action>
</keymap>