<application>
  <component name="FileTypeManager" version="17">
    <extensionMap>
      <mapping pattern="DOCKERFILE" type="PLAIN_TEXT" />
      <mapping pattern="loops2" type="PLAIN_TEXT" />
      <mapping pattern="docker/Dockerfile" type="PLAIN_TEXT" />
      <mapping ext="xml-1" type="PLAIN_TEXT" />
      <mapping ext="graphqls" type="PLAIN_TEXT" />
      <mapping ext="idx" type="PLAIN_TEXT" />
      <mapping ext="fnc" type="DBN-PSQL" />
      <mapping ext="pkb" type="DBN-PSQL" />
      <mapping ext="pkg" type="DBN-PSQL" />
      <mapping ext="pks" type="DBN-PSQL" />
      <mapping ext="prc" type="DBN-PSQL" />
      <mapping ext="tpb" type="DBN-PSQL" />
      <mapping ext="tpe" type="DBN-PSQL" />
      <mapping ext="tps" type="DBN-PSQL" />
      <mapping ext="trg" type="DBN-PSQL" />
      <mapping ext="vw" type="DBN-SQL" />
    </extensionMap>
  </component>
</application>