<application>
  <component name="ProjectJdkTable">
    <jdk version="2">
      <name value="jdk9-hotspot" />
      <type value="JavaSDK" />
      <version value="java version &quot;9.0.4&quot;" />
      <homePath value="/opt/java/hotspot/jdk-9.0.4+11" />
      <roots>
        <annotationsPath>
          <root type="composite">
            <root url="jar://$APPLICATION_HOME_DIR$/lib/jdkAnnotations.jar!/" type="simple" />
          </root>
        </annotationsPath>
        <classPath>
          <root type="composite">
            <root url="jrt:///opt/java/hotspot/jdk-9.0.4+11!/java.activation" type="simple" />
            <root url="jrt:///opt/java/hotspot/jdk-9.0.4+11!/java.base" type="simple" />
            <root url="jrt:///opt/java/hotspot/jdk-9.0.4+11!/java.compiler" type="simple" />
            <root url="jrt:///opt/java/hotspot/jdk-9.0.4+11!/java.corba" type="simple" />
            <root url="jrt:///opt/java/hotspot/jdk-9.0.4+11!/java.datatransfer" type="simple" />
            <root url="jrt:///opt/java/hotspot/jdk-9.0.4+11!/java.desktop" type="simple" />
            <root url="jrt:///opt/java/hotspot/jdk-9.0.4+11!/java.instrument" type="simple" />
            <root url="jrt:///opt/java/hotspot/jdk-9.0.4+11!/java.logging" type="simple" />
            <root url="jrt:///opt/java/hotspot/jdk-9.0.4+11!/java.management" type="simple" />
            <root url="jrt:///opt/java/hotspot/jdk-9.0.4+11!/java.management.rmi" type="simple" />
            <root url="jrt:///opt/java/hotspot/jdk-9.0.4+11!/java.naming" type="simple" />
            <root url="jrt:///opt/java/hotspot/jdk-9.0.4+11!/java.prefs" type="simple" />
            <root url="jrt:///opt/java/hotspot/jdk-9.0.4+11!/java.rmi" type="simple" />
            <root url="jrt:///opt/java/hotspot/jdk-9.0.4+11!/java.scripting" type="simple" />
            <root url="jrt:///opt/java/hotspot/jdk-9.0.4+11!/java.se" type="simple" />
            <root url="jrt:///opt/java/hotspot/jdk-9.0.4+11!/java.se.ee" type="simple" />
            <root url="jrt:///opt/java/hotspot/jdk-9.0.4+11!/java.security.jgss" type="simple" />
            <root url="jrt:///opt/java/hotspot/jdk-9.0.4+11!/java.security.sasl" type="simple" />
            <root url="jrt:///opt/java/hotspot/jdk-9.0.4+11!/java.smartcardio" type="simple" />
            <root url="jrt:///opt/java/hotspot/jdk-9.0.4+11!/java.sql" type="simple" />
            <root url="jrt:///opt/java/hotspot/jdk-9.0.4+11!/java.sql.rowset" type="simple" />
            <root url="jrt:///opt/java/hotspot/jdk-9.0.4+11!/java.transaction" type="simple" />
            <root url="jrt:///opt/java/hotspot/jdk-9.0.4+11!/java.xml" type="simple" />
            <root url="jrt:///opt/java/hotspot/jdk-9.0.4+11!/java.xml.bind" type="simple" />
            <root url="jrt:///opt/java/hotspot/jdk-9.0.4+11!/java.xml.crypto" type="simple" />
            <root url="jrt:///opt/java/hotspot/jdk-9.0.4+11!/java.xml.ws" type="simple" />
            <root url="jrt:///opt/java/hotspot/jdk-9.0.4+11!/java.xml.ws.annotation" type="simple" />
            <root url="jrt:///opt/java/hotspot/jdk-9.0.4+11!/jdk.accessibility" type="simple" />
            <root url="jrt:///opt/java/hotspot/jdk-9.0.4+11!/jdk.aot" type="simple" />
            <root url="jrt:///opt/java/hotspot/jdk-9.0.4+11!/jdk.attach" type="simple" />
            <root url="jrt:///opt/java/hotspot/jdk-9.0.4+11!/jdk.charsets" type="simple" />
            <root url="jrt:///opt/java/hotspot/jdk-9.0.4+11!/jdk.compiler" type="simple" />
            <root url="jrt:///opt/java/hotspot/jdk-9.0.4+11!/jdk.crypto.cryptoki" type="simple" />
            <root url="jrt:///opt/java/hotspot/jdk-9.0.4+11!/jdk.crypto.ec" type="simple" />
            <root url="jrt:///opt/java/hotspot/jdk-9.0.4+11!/jdk.dynalink" type="simple" />
            <root url="jrt:///opt/java/hotspot/jdk-9.0.4+11!/jdk.editpad" type="simple" />
            <root url="jrt:///opt/java/hotspot/jdk-9.0.4+11!/jdk.hotspot.agent" type="simple" />
            <root url="jrt:///opt/java/hotspot/jdk-9.0.4+11!/jdk.httpserver" type="simple" />
            <root url="jrt:///opt/java/hotspot/jdk-9.0.4+11!/jdk.incubator.httpclient" type="simple" />
            <root url="jrt:///opt/java/hotspot/jdk-9.0.4+11!/jdk.internal.ed" type="simple" />
            <root url="jrt:///opt/java/hotspot/jdk-9.0.4+11!/jdk.internal.jvmstat" type="simple" />
            <root url="jrt:///opt/java/hotspot/jdk-9.0.4+11!/jdk.internal.le" type="simple" />
            <root url="jrt:///opt/java/hotspot/jdk-9.0.4+11!/jdk.internal.opt" type="simple" />
            <root url="jrt:///opt/java/hotspot/jdk-9.0.4+11!/jdk.internal.vm.ci" type="simple" />
            <root url="jrt:///opt/java/hotspot/jdk-9.0.4+11!/jdk.internal.vm.compiler" type="simple" />
            <root url="jrt:///opt/java/hotspot/jdk-9.0.4+11!/jdk.jartool" type="simple" />
            <root url="jrt:///opt/java/hotspot/jdk-9.0.4+11!/jdk.javadoc" type="simple" />
            <root url="jrt:///opt/java/hotspot/jdk-9.0.4+11!/jdk.jcmd" type="simple" />
            <root url="jrt:///opt/java/hotspot/jdk-9.0.4+11!/jdk.jconsole" type="simple" />
            <root url="jrt:///opt/java/hotspot/jdk-9.0.4+11!/jdk.jdeps" type="simple" />
            <root url="jrt:///opt/java/hotspot/jdk-9.0.4+11!/jdk.jdi" type="simple" />
            <root url="jrt:///opt/java/hotspot/jdk-9.0.4+11!/jdk.jdwp.agent" type="simple" />
            <root url="jrt:///opt/java/hotspot/jdk-9.0.4+11!/jdk.jlink" type="simple" />
            <root url="jrt:///opt/java/hotspot/jdk-9.0.4+11!/jdk.jshell" type="simple" />
            <root url="jrt:///opt/java/hotspot/jdk-9.0.4+11!/jdk.jsobject" type="simple" />
            <root url="jrt:///opt/java/hotspot/jdk-9.0.4+11!/jdk.jstatd" type="simple" />
            <root url="jrt:///opt/java/hotspot/jdk-9.0.4+11!/jdk.localedata" type="simple" />
            <root url="jrt:///opt/java/hotspot/jdk-9.0.4+11!/jdk.management" type="simple" />
            <root url="jrt:///opt/java/hotspot/jdk-9.0.4+11!/jdk.management.agent" type="simple" />
            <root url="jrt:///opt/java/hotspot/jdk-9.0.4+11!/jdk.naming.dns" type="simple" />
            <root url="jrt:///opt/java/hotspot/jdk-9.0.4+11!/jdk.naming.rmi" type="simple" />
            <root url="jrt:///opt/java/hotspot/jdk-9.0.4+11!/jdk.net" type="simple" />
            <root url="jrt:///opt/java/hotspot/jdk-9.0.4+11!/jdk.pack" type="simple" />
            <root url="jrt:///opt/java/hotspot/jdk-9.0.4+11!/jdk.policytool" type="simple" />
            <root url="jrt:///opt/java/hotspot/jdk-9.0.4+11!/jdk.rmic" type="simple" />
            <root url="jrt:///opt/java/hotspot/jdk-9.0.4+11!/jdk.scripting.nashorn" type="simple" />
            <root url="jrt:///opt/java/hotspot/jdk-9.0.4+11!/jdk.scripting.nashorn.shell" type="simple" />
            <root url="jrt:///opt/java/hotspot/jdk-9.0.4+11!/jdk.sctp" type="simple" />
            <root url="jrt:///opt/java/hotspot/jdk-9.0.4+11!/jdk.security.auth" type="simple" />
            <root url="jrt:///opt/java/hotspot/jdk-9.0.4+11!/jdk.security.jgss" type="simple" />
            <root url="jrt:///opt/java/hotspot/jdk-9.0.4+11!/jdk.unsupported" type="simple" />
            <root url="jrt:///opt/java/hotspot/jdk-9.0.4+11!/jdk.xml.bind" type="simple" />
            <root url="jrt:///opt/java/hotspot/jdk-9.0.4+11!/jdk.xml.dom" type="simple" />
            <root url="jrt:///opt/java/hotspot/jdk-9.0.4+11!/jdk.xml.ws" type="simple" />
            <root url="jrt:///opt/java/hotspot/jdk-9.0.4+11!/jdk.zipfs" type="simple" />
          </root>
        </classPath>
        <javadocPath>
          <root type="composite" />
        </javadocPath>
        <sourcePath>
          <root type="composite">
            <root url="jar:///opt/java/hotspot/jdk-9.0.4+11/lib/src.zip!/java.se" type="simple" />
            <root url="jar:///opt/java/hotspot/jdk-9.0.4+11/lib/src.zip!/jdk.aot" type="simple" />
            <root url="jar:///opt/java/hotspot/jdk-9.0.4+11/lib/src.zip!/jdk.jdi" type="simple" />
            <root url="jar:///opt/java/hotspot/jdk-9.0.4+11/lib/src.zip!/jdk.net" type="simple" />
            <root url="jar:///opt/java/hotspot/jdk-9.0.4+11/lib/src.zip!/java.rmi" type="simple" />
            <root url="jar:///opt/java/hotspot/jdk-9.0.4+11/lib/src.zip!/java.sql" type="simple" />
            <root url="jar:///opt/java/hotspot/jdk-9.0.4+11/lib/src.zip!/java.xml" type="simple" />
            <root url="jar:///opt/java/hotspot/jdk-9.0.4+11/lib/src.zip!/jdk.jcmd" type="simple" />
            <root url="jar:///opt/java/hotspot/jdk-9.0.4+11/lib/src.zip!/jdk.pack" type="simple" />
            <root url="jar:///opt/java/hotspot/jdk-9.0.4+11/lib/src.zip!/jdk.rmic" type="simple" />
            <root url="jar:///opt/java/hotspot/jdk-9.0.4+11/lib/src.zip!/jdk.sctp" type="simple" />
            <root url="jar:///opt/java/hotspot/jdk-9.0.4+11/lib/src.zip!/java.base" type="simple" />
            <root url="jar:///opt/java/hotspot/jdk-9.0.4+11/lib/src.zip!/jdk.jdeps" type="simple" />
            <root url="jar:///opt/java/hotspot/jdk-9.0.4+11/lib/src.zip!/jdk.jlink" type="simple" />
            <root url="jar:///opt/java/hotspot/jdk-9.0.4+11/lib/src.zip!/jdk.zipfs" type="simple" />
            <root url="jar:///opt/java/hotspot/jdk-9.0.4+11/lib/src.zip!/java.corba" type="simple" />
            <root url="jar:///opt/java/hotspot/jdk-9.0.4+11/lib/src.zip!/java.prefs" type="simple" />
            <root url="jar:///opt/java/hotspot/jdk-9.0.4+11/lib/src.zip!/java.se.ee" type="simple" />
            <root url="jar:///opt/java/hotspot/jdk-9.0.4+11/lib/src.zip!/jdk.attach" type="simple" />
            <root url="jar:///opt/java/hotspot/jdk-9.0.4+11/lib/src.zip!/jdk.jshell" type="simple" />
            <root url="jar:///opt/java/hotspot/jdk-9.0.4+11/lib/src.zip!/jdk.jstatd" type="simple" />
            <root url="jar:///opt/java/hotspot/jdk-9.0.4+11/lib/src.zip!/jdk.xml.ws" type="simple" />
            <root url="jar:///opt/java/hotspot/jdk-9.0.4+11/lib/src.zip!/java.naming" type="simple" />
            <root url="jar:///opt/java/hotspot/jdk-9.0.4+11/lib/src.zip!/java.xml.ws" type="simple" />
            <root url="jar:///opt/java/hotspot/jdk-9.0.4+11/lib/src.zip!/jdk.editpad" type="simple" />
            <root url="jar:///opt/java/hotspot/jdk-9.0.4+11/lib/src.zip!/jdk.jartool" type="simple" />
            <root url="jar:///opt/java/hotspot/jdk-9.0.4+11/lib/src.zip!/jdk.javadoc" type="simple" />
            <root url="jar:///opt/java/hotspot/jdk-9.0.4+11/lib/src.zip!/jdk.xml.dom" type="simple" />
            <root url="jar:///opt/java/hotspot/jdk-9.0.4+11/lib/src.zip!/java.desktop" type="simple" />
            <root url="jar:///opt/java/hotspot/jdk-9.0.4+11/lib/src.zip!/java.logging" type="simple" />
            <root url="jar:///opt/java/hotspot/jdk-9.0.4+11/lib/src.zip!/jdk.charsets" type="simple" />
            <root url="jar:///opt/java/hotspot/jdk-9.0.4+11/lib/src.zip!/jdk.compiler" type="simple" />
            <root url="jar:///opt/java/hotspot/jdk-9.0.4+11/lib/src.zip!/jdk.dynalink" type="simple" />
            <root url="jar:///opt/java/hotspot/jdk-9.0.4+11/lib/src.zip!/jdk.jconsole" type="simple" />
            <root url="jar:///opt/java/hotspot/jdk-9.0.4+11/lib/src.zip!/jdk.jsobject" type="simple" />
            <root url="jar:///opt/java/hotspot/jdk-9.0.4+11/lib/src.zip!/jdk.xml.bind" type="simple" />
            <root url="jar:///opt/java/hotspot/jdk-9.0.4+11/lib/src.zip!/java.compiler" type="simple" />
            <root url="jar:///opt/java/hotspot/jdk-9.0.4+11/lib/src.zip!/java.xml.bind" type="simple" />
            <root url="jar:///opt/java/hotspot/jdk-9.0.4+11/lib/src.zip!/jdk.crypto.ec" type="simple" />
            <root url="jar:///opt/java/hotspot/jdk-9.0.4+11/lib/src.zip!/java.scripting" type="simple" />
            <root url="jar:///opt/java/hotspot/jdk-9.0.4+11/lib/src.zip!/jdk.httpserver" type="simple" />
            <root url="jar:///opt/java/hotspot/jdk-9.0.4+11/lib/src.zip!/jdk.jdwp.agent" type="simple" />
            <root url="jar:///opt/java/hotspot/jdk-9.0.4+11/lib/src.zip!/jdk.localedata" type="simple" />
            <root url="jar:///opt/java/hotspot/jdk-9.0.4+11/lib/src.zip!/jdk.management" type="simple" />
            <root url="jar:///opt/java/hotspot/jdk-9.0.4+11/lib/src.zip!/jdk.naming.dns" type="simple" />
            <root url="jar:///opt/java/hotspot/jdk-9.0.4+11/lib/src.zip!/jdk.naming.rmi" type="simple" />
            <root url="jar:///opt/java/hotspot/jdk-9.0.4+11/lib/src.zip!/jdk.policytool" type="simple" />
            <root url="jar:///opt/java/hotspot/jdk-9.0.4+11/lib/src.zip!/java.activation" type="simple" />
            <root url="jar:///opt/java/hotspot/jdk-9.0.4+11/lib/src.zip!/java.instrument" type="simple" />
            <root url="jar:///opt/java/hotspot/jdk-9.0.4+11/lib/src.zip!/java.management" type="simple" />
            <root url="jar:///opt/java/hotspot/jdk-9.0.4+11/lib/src.zip!/java.sql.rowset" type="simple" />
            <root url="jar:///opt/java/hotspot/jdk-9.0.4+11/lib/src.zip!/java.xml.crypto" type="simple" />
            <root url="jar:///opt/java/hotspot/jdk-9.0.4+11/lib/src.zip!/jdk.internal.ed" type="simple" />
            <root url="jar:///opt/java/hotspot/jdk-9.0.4+11/lib/src.zip!/jdk.internal.le" type="simple" />
            <root url="jar:///opt/java/hotspot/jdk-9.0.4+11/lib/src.zip!/jdk.unsupported" type="simple" />
            <root url="jar:///opt/java/hotspot/jdk-9.0.4+11/lib/src.zip!/java.smartcardio" type="simple" />
            <root url="jar:///opt/java/hotspot/jdk-9.0.4+11/lib/src.zip!/java.transaction" type="simple" />
            <root url="jar:///opt/java/hotspot/jdk-9.0.4+11/lib/src.zip!/jdk.internal.opt" type="simple" />
            <root url="jar:///opt/java/hotspot/jdk-9.0.4+11/lib/src.zip!/java.datatransfer" type="simple" />
            <root url="jar:///opt/java/hotspot/jdk-9.0.4+11/lib/src.zip!/jdk.accessibility" type="simple" />
            <root url="jar:///opt/java/hotspot/jdk-9.0.4+11/lib/src.zip!/jdk.hotspot.agent" type="simple" />
            <root url="jar:///opt/java/hotspot/jdk-9.0.4+11/lib/src.zip!/jdk.security.auth" type="simple" />
            <root url="jar:///opt/java/hotspot/jdk-9.0.4+11/lib/src.zip!/jdk.security.jgss" type="simple" />
            <root url="jar:///opt/java/hotspot/jdk-9.0.4+11/lib/src.zip!/java.security.jgss" type="simple" />
            <root url="jar:///opt/java/hotspot/jdk-9.0.4+11/lib/src.zip!/java.security.sasl" type="simple" />
            <root url="jar:///opt/java/hotspot/jdk-9.0.4+11/lib/src.zip!/jdk.internal.vm.ci" type="simple" />
            <root url="jar:///opt/java/hotspot/jdk-9.0.4+11/lib/src.zip!/java.management.rmi" type="simple" />
            <root url="jar:///opt/java/hotspot/jdk-9.0.4+11/lib/src.zip!/jdk.crypto.cryptoki" type="simple" />
            <root url="jar:///opt/java/hotspot/jdk-9.0.4+11/lib/src.zip!/jdk.internal.jvmstat" type="simple" />
            <root url="jar:///opt/java/hotspot/jdk-9.0.4+11/lib/src.zip!/jdk.management.agent" type="simple" />
            <root url="jar:///opt/java/hotspot/jdk-9.0.4+11/lib/src.zip!/jdk.scripting.nashorn" type="simple" />
            <root url="jar:///opt/java/hotspot/jdk-9.0.4+11/lib/src.zip!/java.xml.ws.annotation" type="simple" />
            <root url="jar:///opt/java/hotspot/jdk-9.0.4+11/lib/src.zip!/jdk.incubator.httpclient" type="simple" />
            <root url="jar:///opt/java/hotspot/jdk-9.0.4+11/lib/src.zip!/jdk.internal.vm.compiler" type="simple" />
            <root url="jar:///opt/java/hotspot/jdk-9.0.4+11/lib/src.zip!/jdk.scripting.nashorn.shell" type="simple" />
          </root>
        </sourcePath>
      </roots>
      <additional />
    </jdk>
    <jdk version="2">
      <name value="jdk10-hotspot" />
      <type value="JavaSDK" />
      <version value="java version &quot;10.0.2&quot;" />
      <homePath value="/opt/java/hotspot/jdk-10.0.2+13" />
      <roots>
        <annotationsPath>
          <root type="composite">
            <root url="jar://$APPLICATION_HOME_DIR$/lib/jdkAnnotations.jar!/" type="simple" />
          </root>
        </annotationsPath>
        <classPath>
          <root type="composite">
            <root url="jrt:///opt/java/hotspot/jdk-10.0.2+13!/java.activation" type="simple" />
            <root url="jrt:///opt/java/hotspot/jdk-10.0.2+13!/java.base" type="simple" />
            <root url="jrt:///opt/java/hotspot/jdk-10.0.2+13!/java.compiler" type="simple" />
            <root url="jrt:///opt/java/hotspot/jdk-10.0.2+13!/java.corba" type="simple" />
            <root url="jrt:///opt/java/hotspot/jdk-10.0.2+13!/java.datatransfer" type="simple" />
            <root url="jrt:///opt/java/hotspot/jdk-10.0.2+13!/java.desktop" type="simple" />
            <root url="jrt:///opt/java/hotspot/jdk-10.0.2+13!/java.instrument" type="simple" />
            <root url="jrt:///opt/java/hotspot/jdk-10.0.2+13!/java.logging" type="simple" />
            <root url="jrt:///opt/java/hotspot/jdk-10.0.2+13!/java.management" type="simple" />
            <root url="jrt:///opt/java/hotspot/jdk-10.0.2+13!/java.management.rmi" type="simple" />
            <root url="jrt:///opt/java/hotspot/jdk-10.0.2+13!/java.naming" type="simple" />
            <root url="jrt:///opt/java/hotspot/jdk-10.0.2+13!/java.prefs" type="simple" />
            <root url="jrt:///opt/java/hotspot/jdk-10.0.2+13!/java.rmi" type="simple" />
            <root url="jrt:///opt/java/hotspot/jdk-10.0.2+13!/java.scripting" type="simple" />
            <root url="jrt:///opt/java/hotspot/jdk-10.0.2+13!/java.se" type="simple" />
            <root url="jrt:///opt/java/hotspot/jdk-10.0.2+13!/java.se.ee" type="simple" />
            <root url="jrt:///opt/java/hotspot/jdk-10.0.2+13!/java.security.jgss" type="simple" />
            <root url="jrt:///opt/java/hotspot/jdk-10.0.2+13!/java.security.sasl" type="simple" />
            <root url="jrt:///opt/java/hotspot/jdk-10.0.2+13!/java.smartcardio" type="simple" />
            <root url="jrt:///opt/java/hotspot/jdk-10.0.2+13!/java.sql" type="simple" />
            <root url="jrt:///opt/java/hotspot/jdk-10.0.2+13!/java.sql.rowset" type="simple" />
            <root url="jrt:///opt/java/hotspot/jdk-10.0.2+13!/java.transaction" type="simple" />
            <root url="jrt:///opt/java/hotspot/jdk-10.0.2+13!/java.xml" type="simple" />
            <root url="jrt:///opt/java/hotspot/jdk-10.0.2+13!/java.xml.bind" type="simple" />
            <root url="jrt:///opt/java/hotspot/jdk-10.0.2+13!/java.xml.crypto" type="simple" />
            <root url="jrt:///opt/java/hotspot/jdk-10.0.2+13!/java.xml.ws" type="simple" />
            <root url="jrt:///opt/java/hotspot/jdk-10.0.2+13!/java.xml.ws.annotation" type="simple" />
            <root url="jrt:///opt/java/hotspot/jdk-10.0.2+13!/jdk.accessibility" type="simple" />
            <root url="jrt:///opt/java/hotspot/jdk-10.0.2+13!/jdk.aot" type="simple" />
            <root url="jrt:///opt/java/hotspot/jdk-10.0.2+13!/jdk.attach" type="simple" />
            <root url="jrt:///opt/java/hotspot/jdk-10.0.2+13!/jdk.charsets" type="simple" />
            <root url="jrt:///opt/java/hotspot/jdk-10.0.2+13!/jdk.compiler" type="simple" />
            <root url="jrt:///opt/java/hotspot/jdk-10.0.2+13!/jdk.crypto.cryptoki" type="simple" />
            <root url="jrt:///opt/java/hotspot/jdk-10.0.2+13!/jdk.crypto.ec" type="simple" />
            <root url="jrt:///opt/java/hotspot/jdk-10.0.2+13!/jdk.dynalink" type="simple" />
            <root url="jrt:///opt/java/hotspot/jdk-10.0.2+13!/jdk.editpad" type="simple" />
            <root url="jrt:///opt/java/hotspot/jdk-10.0.2+13!/jdk.hotspot.agent" type="simple" />
            <root url="jrt:///opt/java/hotspot/jdk-10.0.2+13!/jdk.httpserver" type="simple" />
            <root url="jrt:///opt/java/hotspot/jdk-10.0.2+13!/jdk.incubator.httpclient" type="simple" />
            <root url="jrt:///opt/java/hotspot/jdk-10.0.2+13!/jdk.internal.ed" type="simple" />
            <root url="jrt:///opt/java/hotspot/jdk-10.0.2+13!/jdk.internal.jvmstat" type="simple" />
            <root url="jrt:///opt/java/hotspot/jdk-10.0.2+13!/jdk.internal.le" type="simple" />
            <root url="jrt:///opt/java/hotspot/jdk-10.0.2+13!/jdk.internal.opt" type="simple" />
            <root url="jrt:///opt/java/hotspot/jdk-10.0.2+13!/jdk.internal.vm.ci" type="simple" />
            <root url="jrt:///opt/java/hotspot/jdk-10.0.2+13!/jdk.internal.vm.compiler" type="simple" />
            <root url="jrt:///opt/java/hotspot/jdk-10.0.2+13!/jdk.internal.vm.compiler.management" type="simple" />
            <root url="jrt:///opt/java/hotspot/jdk-10.0.2+13!/jdk.jartool" type="simple" />
            <root url="jrt:///opt/java/hotspot/jdk-10.0.2+13!/jdk.javadoc" type="simple" />
            <root url="jrt:///opt/java/hotspot/jdk-10.0.2+13!/jdk.jcmd" type="simple" />
            <root url="jrt:///opt/java/hotspot/jdk-10.0.2+13!/jdk.jconsole" type="simple" />
            <root url="jrt:///opt/java/hotspot/jdk-10.0.2+13!/jdk.jdeps" type="simple" />
            <root url="jrt:///opt/java/hotspot/jdk-10.0.2+13!/jdk.jdi" type="simple" />
            <root url="jrt:///opt/java/hotspot/jdk-10.0.2+13!/jdk.jdwp.agent" type="simple" />
            <root url="jrt:///opt/java/hotspot/jdk-10.0.2+13!/jdk.jlink" type="simple" />
            <root url="jrt:///opt/java/hotspot/jdk-10.0.2+13!/jdk.jshell" type="simple" />
            <root url="jrt:///opt/java/hotspot/jdk-10.0.2+13!/jdk.jsobject" type="simple" />
            <root url="jrt:///opt/java/hotspot/jdk-10.0.2+13!/jdk.jstatd" type="simple" />
            <root url="jrt:///opt/java/hotspot/jdk-10.0.2+13!/jdk.localedata" type="simple" />
            <root url="jrt:///opt/java/hotspot/jdk-10.0.2+13!/jdk.management" type="simple" />
            <root url="jrt:///opt/java/hotspot/jdk-10.0.2+13!/jdk.management.agent" type="simple" />
            <root url="jrt:///opt/java/hotspot/jdk-10.0.2+13!/jdk.naming.dns" type="simple" />
            <root url="jrt:///opt/java/hotspot/jdk-10.0.2+13!/jdk.naming.rmi" type="simple" />
            <root url="jrt:///opt/java/hotspot/jdk-10.0.2+13!/jdk.net" type="simple" />
            <root url="jrt:///opt/java/hotspot/jdk-10.0.2+13!/jdk.pack" type="simple" />
            <root url="jrt:///opt/java/hotspot/jdk-10.0.2+13!/jdk.rmic" type="simple" />
            <root url="jrt:///opt/java/hotspot/jdk-10.0.2+13!/jdk.scripting.nashorn" type="simple" />
            <root url="jrt:///opt/java/hotspot/jdk-10.0.2+13!/jdk.scripting.nashorn.shell" type="simple" />
            <root url="jrt:///opt/java/hotspot/jdk-10.0.2+13!/jdk.sctp" type="simple" />
            <root url="jrt:///opt/java/hotspot/jdk-10.0.2+13!/jdk.security.auth" type="simple" />
            <root url="jrt:///opt/java/hotspot/jdk-10.0.2+13!/jdk.security.jgss" type="simple" />
            <root url="jrt:///opt/java/hotspot/jdk-10.0.2+13!/jdk.unsupported" type="simple" />
            <root url="jrt:///opt/java/hotspot/jdk-10.0.2+13!/jdk.xml.bind" type="simple" />
            <root url="jrt:///opt/java/hotspot/jdk-10.0.2+13!/jdk.xml.dom" type="simple" />
            <root url="jrt:///opt/java/hotspot/jdk-10.0.2+13!/jdk.xml.ws" type="simple" />
            <root url="jrt:///opt/java/hotspot/jdk-10.0.2+13!/jdk.zipfs" type="simple" />
          </root>
        </classPath>
        <javadocPath>
          <root type="composite" />
        </javadocPath>
        <sourcePath>
          <root type="composite">
            <root url="jar:///opt/java/hotspot/jdk-10.0.2+13/lib/src.zip!/java.se" type="simple" />
            <root url="jar:///opt/java/hotspot/jdk-10.0.2+13/lib/src.zip!/jdk.aot" type="simple" />
            <root url="jar:///opt/java/hotspot/jdk-10.0.2+13/lib/src.zip!/jdk.jdi" type="simple" />
            <root url="jar:///opt/java/hotspot/jdk-10.0.2+13/lib/src.zip!/jdk.net" type="simple" />
            <root url="jar:///opt/java/hotspot/jdk-10.0.2+13/lib/src.zip!/java.rmi" type="simple" />
            <root url="jar:///opt/java/hotspot/jdk-10.0.2+13/lib/src.zip!/java.sql" type="simple" />
            <root url="jar:///opt/java/hotspot/jdk-10.0.2+13/lib/src.zip!/java.xml" type="simple" />
            <root url="jar:///opt/java/hotspot/jdk-10.0.2+13/lib/src.zip!/jdk.jcmd" type="simple" />
            <root url="jar:///opt/java/hotspot/jdk-10.0.2+13/lib/src.zip!/jdk.pack" type="simple" />
            <root url="jar:///opt/java/hotspot/jdk-10.0.2+13/lib/src.zip!/jdk.rmic" type="simple" />
            <root url="jar:///opt/java/hotspot/jdk-10.0.2+13/lib/src.zip!/jdk.sctp" type="simple" />
            <root url="jar:///opt/java/hotspot/jdk-10.0.2+13/lib/src.zip!/java.base" type="simple" />
            <root url="jar:///opt/java/hotspot/jdk-10.0.2+13/lib/src.zip!/jdk.jdeps" type="simple" />
            <root url="jar:///opt/java/hotspot/jdk-10.0.2+13/lib/src.zip!/jdk.jlink" type="simple" />
            <root url="jar:///opt/java/hotspot/jdk-10.0.2+13/lib/src.zip!/jdk.zipfs" type="simple" />
            <root url="jar:///opt/java/hotspot/jdk-10.0.2+13/lib/src.zip!/java.corba" type="simple" />
            <root url="jar:///opt/java/hotspot/jdk-10.0.2+13/lib/src.zip!/java.prefs" type="simple" />
            <root url="jar:///opt/java/hotspot/jdk-10.0.2+13/lib/src.zip!/java.se.ee" type="simple" />
            <root url="jar:///opt/java/hotspot/jdk-10.0.2+13/lib/src.zip!/jdk.attach" type="simple" />
            <root url="jar:///opt/java/hotspot/jdk-10.0.2+13/lib/src.zip!/jdk.jshell" type="simple" />
            <root url="jar:///opt/java/hotspot/jdk-10.0.2+13/lib/src.zip!/jdk.jstatd" type="simple" />
            <root url="jar:///opt/java/hotspot/jdk-10.0.2+13/lib/src.zip!/jdk.xml.ws" type="simple" />
            <root url="jar:///opt/java/hotspot/jdk-10.0.2+13/lib/src.zip!/java.naming" type="simple" />
            <root url="jar:///opt/java/hotspot/jdk-10.0.2+13/lib/src.zip!/java.xml.ws" type="simple" />
            <root url="jar:///opt/java/hotspot/jdk-10.0.2+13/lib/src.zip!/jdk.editpad" type="simple" />
            <root url="jar:///opt/java/hotspot/jdk-10.0.2+13/lib/src.zip!/jdk.jartool" type="simple" />
            <root url="jar:///opt/java/hotspot/jdk-10.0.2+13/lib/src.zip!/jdk.javadoc" type="simple" />
            <root url="jar:///opt/java/hotspot/jdk-10.0.2+13/lib/src.zip!/jdk.xml.dom" type="simple" />
            <root url="jar:///opt/java/hotspot/jdk-10.0.2+13/lib/src.zip!/java.desktop" type="simple" />
            <root url="jar:///opt/java/hotspot/jdk-10.0.2+13/lib/src.zip!/java.logging" type="simple" />
            <root url="jar:///opt/java/hotspot/jdk-10.0.2+13/lib/src.zip!/jdk.charsets" type="simple" />
            <root url="jar:///opt/java/hotspot/jdk-10.0.2+13/lib/src.zip!/jdk.compiler" type="simple" />
            <root url="jar:///opt/java/hotspot/jdk-10.0.2+13/lib/src.zip!/jdk.dynalink" type="simple" />
            <root url="jar:///opt/java/hotspot/jdk-10.0.2+13/lib/src.zip!/jdk.jconsole" type="simple" />
            <root url="jar:///opt/java/hotspot/jdk-10.0.2+13/lib/src.zip!/jdk.jsobject" type="simple" />
            <root url="jar:///opt/java/hotspot/jdk-10.0.2+13/lib/src.zip!/jdk.xml.bind" type="simple" />
            <root url="jar:///opt/java/hotspot/jdk-10.0.2+13/lib/src.zip!/java.compiler" type="simple" />
            <root url="jar:///opt/java/hotspot/jdk-10.0.2+13/lib/src.zip!/java.xml.bind" type="simple" />
            <root url="jar:///opt/java/hotspot/jdk-10.0.2+13/lib/src.zip!/jdk.crypto.ec" type="simple" />
            <root url="jar:///opt/java/hotspot/jdk-10.0.2+13/lib/src.zip!/java.scripting" type="simple" />
            <root url="jar:///opt/java/hotspot/jdk-10.0.2+13/lib/src.zip!/jdk.httpserver" type="simple" />
            <root url="jar:///opt/java/hotspot/jdk-10.0.2+13/lib/src.zip!/jdk.jdwp.agent" type="simple" />
            <root url="jar:///opt/java/hotspot/jdk-10.0.2+13/lib/src.zip!/jdk.localedata" type="simple" />
            <root url="jar:///opt/java/hotspot/jdk-10.0.2+13/lib/src.zip!/jdk.management" type="simple" />
            <root url="jar:///opt/java/hotspot/jdk-10.0.2+13/lib/src.zip!/jdk.naming.dns" type="simple" />
            <root url="jar:///opt/java/hotspot/jdk-10.0.2+13/lib/src.zip!/jdk.naming.rmi" type="simple" />
            <root url="jar:///opt/java/hotspot/jdk-10.0.2+13/lib/src.zip!/java.activation" type="simple" />
            <root url="jar:///opt/java/hotspot/jdk-10.0.2+13/lib/src.zip!/java.instrument" type="simple" />
            <root url="jar:///opt/java/hotspot/jdk-10.0.2+13/lib/src.zip!/java.management" type="simple" />
            <root url="jar:///opt/java/hotspot/jdk-10.0.2+13/lib/src.zip!/java.sql.rowset" type="simple" />
            <root url="jar:///opt/java/hotspot/jdk-10.0.2+13/lib/src.zip!/java.xml.crypto" type="simple" />
            <root url="jar:///opt/java/hotspot/jdk-10.0.2+13/lib/src.zip!/jdk.internal.ed" type="simple" />
            <root url="jar:///opt/java/hotspot/jdk-10.0.2+13/lib/src.zip!/jdk.internal.le" type="simple" />
            <root url="jar:///opt/java/hotspot/jdk-10.0.2+13/lib/src.zip!/jdk.unsupported" type="simple" />
            <root url="jar:///opt/java/hotspot/jdk-10.0.2+13/lib/src.zip!/java.smartcardio" type="simple" />
            <root url="jar:///opt/java/hotspot/jdk-10.0.2+13/lib/src.zip!/java.transaction" type="simple" />
            <root url="jar:///opt/java/hotspot/jdk-10.0.2+13/lib/src.zip!/jdk.internal.opt" type="simple" />
            <root url="jar:///opt/java/hotspot/jdk-10.0.2+13/lib/src.zip!/java.datatransfer" type="simple" />
            <root url="jar:///opt/java/hotspot/jdk-10.0.2+13/lib/src.zip!/jdk.accessibility" type="simple" />
            <root url="jar:///opt/java/hotspot/jdk-10.0.2+13/lib/src.zip!/jdk.hotspot.agent" type="simple" />
            <root url="jar:///opt/java/hotspot/jdk-10.0.2+13/lib/src.zip!/jdk.security.auth" type="simple" />
            <root url="jar:///opt/java/hotspot/jdk-10.0.2+13/lib/src.zip!/jdk.security.jgss" type="simple" />
            <root url="jar:///opt/java/hotspot/jdk-10.0.2+13/lib/src.zip!/java.security.jgss" type="simple" />
            <root url="jar:///opt/java/hotspot/jdk-10.0.2+13/lib/src.zip!/java.security.sasl" type="simple" />
            <root url="jar:///opt/java/hotspot/jdk-10.0.2+13/lib/src.zip!/jdk.internal.vm.ci" type="simple" />
            <root url="jar:///opt/java/hotspot/jdk-10.0.2+13/lib/src.zip!/java.management.rmi" type="simple" />
            <root url="jar:///opt/java/hotspot/jdk-10.0.2+13/lib/src.zip!/jdk.crypto.cryptoki" type="simple" />
            <root url="jar:///opt/java/hotspot/jdk-10.0.2+13/lib/src.zip!/jdk.internal.jvmstat" type="simple" />
            <root url="jar:///opt/java/hotspot/jdk-10.0.2+13/lib/src.zip!/jdk.management.agent" type="simple" />
            <root url="jar:///opt/java/hotspot/jdk-10.0.2+13/lib/src.zip!/jdk.scripting.nashorn" type="simple" />
            <root url="jar:///opt/java/hotspot/jdk-10.0.2+13/lib/src.zip!/java.xml.ws.annotation" type="simple" />
            <root url="jar:///opt/java/hotspot/jdk-10.0.2+13/lib/src.zip!/jdk.incubator.httpclient" type="simple" />
            <root url="jar:///opt/java/hotspot/jdk-10.0.2+13/lib/src.zip!/jdk.internal.vm.compiler" type="simple" />
            <root url="jar:///opt/java/hotspot/jdk-10.0.2+13/lib/src.zip!/jdk.scripting.nashorn.shell" type="simple" />
            <root url="jar:///opt/java/hotspot/jdk-10.0.2+13/lib/src.zip!/jdk.internal.vm.compiler.management" type="simple" />
          </root>
        </sourcePath>
      </roots>
      <additional />
    </jdk>
    <jdk version="2">
      <name value="1.8" />
      <type value="JavaSDK" />
      <version value="java version &quot;1.8.0_222&quot;" />
      <homePath value="/opt/java/hotspot/jdk8u222-b10" />
      <roots>
        <annotationsPath>
          <root type="composite">
            <root url="jar://$APPLICATION_HOME_DIR$/plugins/java/lib/jdkAnnotations.jar!/" type="simple" />
          </root>
        </annotationsPath>
        <classPath>
          <root type="composite">
            <root url="jar:///opt/java/hotspot/jdk8u222-b10/jre/lib/charsets.jar!/" type="simple" />
            <root url="jar:///opt/java/hotspot/jdk8u222-b10/jre/lib/ext/cldrdata.jar!/" type="simple" />
            <root url="jar:///opt/java/hotspot/jdk8u222-b10/jre/lib/ext/dnsns.jar!/" type="simple" />
            <root url="jar:///opt/java/hotspot/jdk8u222-b10/jre/lib/ext/jaccess.jar!/" type="simple" />
            <root url="jar:///opt/java/hotspot/jdk8u222-b10/jre/lib/ext/localedata.jar!/" type="simple" />
            <root url="jar:///opt/java/hotspot/jdk8u222-b10/jre/lib/ext/nashorn.jar!/" type="simple" />
            <root url="jar:///opt/java/hotspot/jdk8u222-b10/jre/lib/ext/sunec.jar!/" type="simple" />
            <root url="jar:///opt/java/hotspot/jdk8u222-b10/jre/lib/ext/sunjce_provider.jar!/" type="simple" />
            <root url="jar:///opt/java/hotspot/jdk8u222-b10/jre/lib/ext/sunpkcs11.jar!/" type="simple" />
            <root url="jar:///opt/java/hotspot/jdk8u222-b10/jre/lib/ext/zipfs.jar!/" type="simple" />
            <root url="jar:///opt/java/hotspot/jdk8u222-b10/jre/lib/jce.jar!/" type="simple" />
            <root url="jar:///opt/java/hotspot/jdk8u222-b10/jre/lib/jsse.jar!/" type="simple" />
            <root url="jar:///opt/java/hotspot/jdk8u222-b10/jre/lib/management-agent.jar!/" type="simple" />
            <root url="jar:///opt/java/hotspot/jdk8u222-b10/jre/lib/resources.jar!/" type="simple" />
            <root url="jar:///opt/java/hotspot/jdk8u222-b10/jre/lib/rt.jar!/" type="simple" />
          </root>
        </classPath>
        <javadocPath>
          <root type="composite" />
        </javadocPath>
        <sourcePath>
          <root type="composite">
            <root url="jar:///opt/java/hotspot/jdk8u222-b10/src.zip!/" type="simple" />
          </root>
        </sourcePath>
      </roots>
      <additional />
    </jdk>
    <jdk version="2">
      <name value="11" />
      <type value="JavaSDK" />
      <version value="java version &quot;11.0.4&quot;" />
      <homePath value="/opt/java/hotspot/jdk-11.0.4+11" />
      <roots>
        <annotationsPath>
          <root type="composite">
            <root url="jar://$APPLICATION_HOME_DIR$/plugins/java/lib/jdkAnnotations.jar!/" type="simple" />
          </root>
        </annotationsPath>
        <classPath>
          <root type="composite">
            <root url="jrt:///opt/java/hotspot/jdk-11.0.4+11!/java.base" type="simple" />
            <root url="jrt:///opt/java/hotspot/jdk-11.0.4+11!/java.compiler" type="simple" />
            <root url="jrt:///opt/java/hotspot/jdk-11.0.4+11!/java.datatransfer" type="simple" />
            <root url="jrt:///opt/java/hotspot/jdk-11.0.4+11!/java.desktop" type="simple" />
            <root url="jrt:///opt/java/hotspot/jdk-11.0.4+11!/java.instrument" type="simple" />
            <root url="jrt:///opt/java/hotspot/jdk-11.0.4+11!/java.logging" type="simple" />
            <root url="jrt:///opt/java/hotspot/jdk-11.0.4+11!/java.management" type="simple" />
            <root url="jrt:///opt/java/hotspot/jdk-11.0.4+11!/java.management.rmi" type="simple" />
            <root url="jrt:///opt/java/hotspot/jdk-11.0.4+11!/java.naming" type="simple" />
            <root url="jrt:///opt/java/hotspot/jdk-11.0.4+11!/java.net.http" type="simple" />
            <root url="jrt:///opt/java/hotspot/jdk-11.0.4+11!/java.prefs" type="simple" />
            <root url="jrt:///opt/java/hotspot/jdk-11.0.4+11!/java.rmi" type="simple" />
            <root url="jrt:///opt/java/hotspot/jdk-11.0.4+11!/java.scripting" type="simple" />
            <root url="jrt:///opt/java/hotspot/jdk-11.0.4+11!/java.se" type="simple" />
            <root url="jrt:///opt/java/hotspot/jdk-11.0.4+11!/java.security.jgss" type="simple" />
            <root url="jrt:///opt/java/hotspot/jdk-11.0.4+11!/java.security.sasl" type="simple" />
            <root url="jrt:///opt/java/hotspot/jdk-11.0.4+11!/java.smartcardio" type="simple" />
            <root url="jrt:///opt/java/hotspot/jdk-11.0.4+11!/java.sql" type="simple" />
            <root url="jrt:///opt/java/hotspot/jdk-11.0.4+11!/java.sql.rowset" type="simple" />
            <root url="jrt:///opt/java/hotspot/jdk-11.0.4+11!/java.transaction.xa" type="simple" />
            <root url="jrt:///opt/java/hotspot/jdk-11.0.4+11!/java.xml" type="simple" />
            <root url="jrt:///opt/java/hotspot/jdk-11.0.4+11!/java.xml.crypto" type="simple" />
            <root url="jrt:///opt/java/hotspot/jdk-11.0.4+11!/jdk.accessibility" type="simple" />
            <root url="jrt:///opt/java/hotspot/jdk-11.0.4+11!/jdk.aot" type="simple" />
            <root url="jrt:///opt/java/hotspot/jdk-11.0.4+11!/jdk.attach" type="simple" />
            <root url="jrt:///opt/java/hotspot/jdk-11.0.4+11!/jdk.charsets" type="simple" />
            <root url="jrt:///opt/java/hotspot/jdk-11.0.4+11!/jdk.compiler" type="simple" />
            <root url="jrt:///opt/java/hotspot/jdk-11.0.4+11!/jdk.crypto.cryptoki" type="simple" />
            <root url="jrt:///opt/java/hotspot/jdk-11.0.4+11!/jdk.crypto.ec" type="simple" />
            <root url="jrt:///opt/java/hotspot/jdk-11.0.4+11!/jdk.dynalink" type="simple" />
            <root url="jrt:///opt/java/hotspot/jdk-11.0.4+11!/jdk.editpad" type="simple" />
            <root url="jrt:///opt/java/hotspot/jdk-11.0.4+11!/jdk.hotspot.agent" type="simple" />
            <root url="jrt:///opt/java/hotspot/jdk-11.0.4+11!/jdk.httpserver" type="simple" />
            <root url="jrt:///opt/java/hotspot/jdk-11.0.4+11!/jdk.internal.ed" type="simple" />
            <root url="jrt:///opt/java/hotspot/jdk-11.0.4+11!/jdk.internal.jvmstat" type="simple" />
            <root url="jrt:///opt/java/hotspot/jdk-11.0.4+11!/jdk.internal.le" type="simple" />
            <root url="jrt:///opt/java/hotspot/jdk-11.0.4+11!/jdk.internal.opt" type="simple" />
            <root url="jrt:///opt/java/hotspot/jdk-11.0.4+11!/jdk.internal.vm.ci" type="simple" />
            <root url="jrt:///opt/java/hotspot/jdk-11.0.4+11!/jdk.internal.vm.compiler" type="simple" />
            <root url="jrt:///opt/java/hotspot/jdk-11.0.4+11!/jdk.internal.vm.compiler.management" type="simple" />
            <root url="jrt:///opt/java/hotspot/jdk-11.0.4+11!/jdk.jartool" type="simple" />
            <root url="jrt:///opt/java/hotspot/jdk-11.0.4+11!/jdk.javadoc" type="simple" />
            <root url="jrt:///opt/java/hotspot/jdk-11.0.4+11!/jdk.jcmd" type="simple" />
            <root url="jrt:///opt/java/hotspot/jdk-11.0.4+11!/jdk.jconsole" type="simple" />
            <root url="jrt:///opt/java/hotspot/jdk-11.0.4+11!/jdk.jdeps" type="simple" />
            <root url="jrt:///opt/java/hotspot/jdk-11.0.4+11!/jdk.jdi" type="simple" />
            <root url="jrt:///opt/java/hotspot/jdk-11.0.4+11!/jdk.jdwp.agent" type="simple" />
            <root url="jrt:///opt/java/hotspot/jdk-11.0.4+11!/jdk.jfr" type="simple" />
            <root url="jrt:///opt/java/hotspot/jdk-11.0.4+11!/jdk.jlink" type="simple" />
            <root url="jrt:///opt/java/hotspot/jdk-11.0.4+11!/jdk.jshell" type="simple" />
            <root url="jrt:///opt/java/hotspot/jdk-11.0.4+11!/jdk.jsobject" type="simple" />
            <root url="jrt:///opt/java/hotspot/jdk-11.0.4+11!/jdk.jstatd" type="simple" />
            <root url="jrt:///opt/java/hotspot/jdk-11.0.4+11!/jdk.localedata" type="simple" />
            <root url="jrt:///opt/java/hotspot/jdk-11.0.4+11!/jdk.management" type="simple" />
            <root url="jrt:///opt/java/hotspot/jdk-11.0.4+11!/jdk.management.agent" type="simple" />
            <root url="jrt:///opt/java/hotspot/jdk-11.0.4+11!/jdk.management.jfr" type="simple" />
            <root url="jrt:///opt/java/hotspot/jdk-11.0.4+11!/jdk.naming.dns" type="simple" />
            <root url="jrt:///opt/java/hotspot/jdk-11.0.4+11!/jdk.naming.rmi" type="simple" />
            <root url="jrt:///opt/java/hotspot/jdk-11.0.4+11!/jdk.net" type="simple" />
            <root url="jrt:///opt/java/hotspot/jdk-11.0.4+11!/jdk.pack" type="simple" />
            <root url="jrt:///opt/java/hotspot/jdk-11.0.4+11!/jdk.rmic" type="simple" />
            <root url="jrt:///opt/java/hotspot/jdk-11.0.4+11!/jdk.scripting.nashorn" type="simple" />
            <root url="jrt:///opt/java/hotspot/jdk-11.0.4+11!/jdk.scripting.nashorn.shell" type="simple" />
            <root url="jrt:///opt/java/hotspot/jdk-11.0.4+11!/jdk.sctp" type="simple" />
            <root url="jrt:///opt/java/hotspot/jdk-11.0.4+11!/jdk.security.auth" type="simple" />
            <root url="jrt:///opt/java/hotspot/jdk-11.0.4+11!/jdk.security.jgss" type="simple" />
            <root url="jrt:///opt/java/hotspot/jdk-11.0.4+11!/jdk.unsupported" type="simple" />
            <root url="jrt:///opt/java/hotspot/jdk-11.0.4+11!/jdk.unsupported.desktop" type="simple" />
            <root url="jrt:///opt/java/hotspot/jdk-11.0.4+11!/jdk.xml.dom" type="simple" />
            <root url="jrt:///opt/java/hotspot/jdk-11.0.4+11!/jdk.zipfs" type="simple" />
          </root>
        </classPath>
        <javadocPath>
          <root type="composite" />
        </javadocPath>
        <sourcePath>
          <root type="composite">
            <root url="jar:///opt/java/hotspot/jdk-11.0.4+11/lib/src.zip!/java.se" type="simple" />
            <root url="jar:///opt/java/hotspot/jdk-11.0.4+11/lib/src.zip!/jdk.aot" type="simple" />
            <root url="jar:///opt/java/hotspot/jdk-11.0.4+11/lib/src.zip!/jdk.jdi" type="simple" />
            <root url="jar:///opt/java/hotspot/jdk-11.0.4+11/lib/src.zip!/jdk.jfr" type="simple" />
            <root url="jar:///opt/java/hotspot/jdk-11.0.4+11/lib/src.zip!/jdk.net" type="simple" />
            <root url="jar:///opt/java/hotspot/jdk-11.0.4+11/lib/src.zip!/java.rmi" type="simple" />
            <root url="jar:///opt/java/hotspot/jdk-11.0.4+11/lib/src.zip!/java.sql" type="simple" />
            <root url="jar:///opt/java/hotspot/jdk-11.0.4+11/lib/src.zip!/java.xml" type="simple" />
            <root url="jar:///opt/java/hotspot/jdk-11.0.4+11/lib/src.zip!/jdk.jcmd" type="simple" />
            <root url="jar:///opt/java/hotspot/jdk-11.0.4+11/lib/src.zip!/jdk.pack" type="simple" />
            <root url="jar:///opt/java/hotspot/jdk-11.0.4+11/lib/src.zip!/jdk.rmic" type="simple" />
            <root url="jar:///opt/java/hotspot/jdk-11.0.4+11/lib/src.zip!/jdk.sctp" type="simple" />
            <root url="jar:///opt/java/hotspot/jdk-11.0.4+11/lib/src.zip!/java.base" type="simple" />
            <root url="jar:///opt/java/hotspot/jdk-11.0.4+11/lib/src.zip!/jdk.jdeps" type="simple" />
            <root url="jar:///opt/java/hotspot/jdk-11.0.4+11/lib/src.zip!/jdk.jlink" type="simple" />
            <root url="jar:///opt/java/hotspot/jdk-11.0.4+11/lib/src.zip!/jdk.zipfs" type="simple" />
            <root url="jar:///opt/java/hotspot/jdk-11.0.4+11/lib/src.zip!/java.prefs" type="simple" />
            <root url="jar:///opt/java/hotspot/jdk-11.0.4+11/lib/src.zip!/jdk.attach" type="simple" />
            <root url="jar:///opt/java/hotspot/jdk-11.0.4+11/lib/src.zip!/jdk.jshell" type="simple" />
            <root url="jar:///opt/java/hotspot/jdk-11.0.4+11/lib/src.zip!/jdk.jstatd" type="simple" />
            <root url="jar:///opt/java/hotspot/jdk-11.0.4+11/lib/src.zip!/java.naming" type="simple" />
            <root url="jar:///opt/java/hotspot/jdk-11.0.4+11/lib/src.zip!/jdk.editpad" type="simple" />
            <root url="jar:///opt/java/hotspot/jdk-11.0.4+11/lib/src.zip!/jdk.jartool" type="simple" />
            <root url="jar:///opt/java/hotspot/jdk-11.0.4+11/lib/src.zip!/jdk.javadoc" type="simple" />
            <root url="jar:///opt/java/hotspot/jdk-11.0.4+11/lib/src.zip!/jdk.xml.dom" type="simple" />
            <root url="jar:///opt/java/hotspot/jdk-11.0.4+11/lib/src.zip!/java.desktop" type="simple" />
            <root url="jar:///opt/java/hotspot/jdk-11.0.4+11/lib/src.zip!/java.logging" type="simple" />
            <root url="jar:///opt/java/hotspot/jdk-11.0.4+11/lib/src.zip!/jdk.charsets" type="simple" />
            <root url="jar:///opt/java/hotspot/jdk-11.0.4+11/lib/src.zip!/jdk.compiler" type="simple" />
            <root url="jar:///opt/java/hotspot/jdk-11.0.4+11/lib/src.zip!/jdk.dynalink" type="simple" />
            <root url="jar:///opt/java/hotspot/jdk-11.0.4+11/lib/src.zip!/jdk.jconsole" type="simple" />
            <root url="jar:///opt/java/hotspot/jdk-11.0.4+11/lib/src.zip!/jdk.jsobject" type="simple" />
            <root url="jar:///opt/java/hotspot/jdk-11.0.4+11/lib/src.zip!/java.compiler" type="simple" />
            <root url="jar:///opt/java/hotspot/jdk-11.0.4+11/lib/src.zip!/java.net.http" type="simple" />
            <root url="jar:///opt/java/hotspot/jdk-11.0.4+11/lib/src.zip!/jdk.crypto.ec" type="simple" />
            <root url="jar:///opt/java/hotspot/jdk-11.0.4+11/lib/src.zip!/java.scripting" type="simple" />
            <root url="jar:///opt/java/hotspot/jdk-11.0.4+11/lib/src.zip!/jdk.httpserver" type="simple" />
            <root url="jar:///opt/java/hotspot/jdk-11.0.4+11/lib/src.zip!/jdk.jdwp.agent" type="simple" />
            <root url="jar:///opt/java/hotspot/jdk-11.0.4+11/lib/src.zip!/jdk.localedata" type="simple" />
            <root url="jar:///opt/java/hotspot/jdk-11.0.4+11/lib/src.zip!/jdk.management" type="simple" />
            <root url="jar:///opt/java/hotspot/jdk-11.0.4+11/lib/src.zip!/jdk.naming.dns" type="simple" />
            <root url="jar:///opt/java/hotspot/jdk-11.0.4+11/lib/src.zip!/jdk.naming.rmi" type="simple" />
            <root url="jar:///opt/java/hotspot/jdk-11.0.4+11/lib/src.zip!/java.instrument" type="simple" />
            <root url="jar:///opt/java/hotspot/jdk-11.0.4+11/lib/src.zip!/java.management" type="simple" />
            <root url="jar:///opt/java/hotspot/jdk-11.0.4+11/lib/src.zip!/java.sql.rowset" type="simple" />
            <root url="jar:///opt/java/hotspot/jdk-11.0.4+11/lib/src.zip!/java.xml.crypto" type="simple" />
            <root url="jar:///opt/java/hotspot/jdk-11.0.4+11/lib/src.zip!/jdk.internal.ed" type="simple" />
            <root url="jar:///opt/java/hotspot/jdk-11.0.4+11/lib/src.zip!/jdk.internal.le" type="simple" />
            <root url="jar:///opt/java/hotspot/jdk-11.0.4+11/lib/src.zip!/jdk.unsupported" type="simple" />
            <root url="jar:///opt/java/hotspot/jdk-11.0.4+11/lib/src.zip!/java.smartcardio" type="simple" />
            <root url="jar:///opt/java/hotspot/jdk-11.0.4+11/lib/src.zip!/jdk.internal.opt" type="simple" />
            <root url="jar:///opt/java/hotspot/jdk-11.0.4+11/lib/src.zip!/java.datatransfer" type="simple" />
            <root url="jar:///opt/java/hotspot/jdk-11.0.4+11/lib/src.zip!/jdk.accessibility" type="simple" />
            <root url="jar:///opt/java/hotspot/jdk-11.0.4+11/lib/src.zip!/jdk.hotspot.agent" type="simple" />
            <root url="jar:///opt/java/hotspot/jdk-11.0.4+11/lib/src.zip!/jdk.security.auth" type="simple" />
            <root url="jar:///opt/java/hotspot/jdk-11.0.4+11/lib/src.zip!/jdk.security.jgss" type="simple" />
            <root url="jar:///opt/java/hotspot/jdk-11.0.4+11/lib/src.zip!/java.security.jgss" type="simple" />
            <root url="jar:///opt/java/hotspot/jdk-11.0.4+11/lib/src.zip!/java.security.sasl" type="simple" />
            <root url="jar:///opt/java/hotspot/jdk-11.0.4+11/lib/src.zip!/jdk.internal.vm.ci" type="simple" />
            <root url="jar:///opt/java/hotspot/jdk-11.0.4+11/lib/src.zip!/jdk.management.jfr" type="simple" />
            <root url="jar:///opt/java/hotspot/jdk-11.0.4+11/lib/src.zip!/java.management.rmi" type="simple" />
            <root url="jar:///opt/java/hotspot/jdk-11.0.4+11/lib/src.zip!/java.transaction.xa" type="simple" />
            <root url="jar:///opt/java/hotspot/jdk-11.0.4+11/lib/src.zip!/jdk.crypto.cryptoki" type="simple" />
            <root url="jar:///opt/java/hotspot/jdk-11.0.4+11/lib/src.zip!/jdk.internal.jvmstat" type="simple" />
            <root url="jar:///opt/java/hotspot/jdk-11.0.4+11/lib/src.zip!/jdk.management.agent" type="simple" />
            <root url="jar:///opt/java/hotspot/jdk-11.0.4+11/lib/src.zip!/jdk.scripting.nashorn" type="simple" />
            <root url="jar:///opt/java/hotspot/jdk-11.0.4+11/lib/src.zip!/jdk.unsupported.desktop" type="simple" />
            <root url="jar:///opt/java/hotspot/jdk-11.0.4+11/lib/src.zip!/jdk.internal.vm.compiler" type="simple" />
            <root url="jar:///opt/java/hotspot/jdk-11.0.4+11/lib/src.zip!/jdk.scripting.nashorn.shell" type="simple" />
            <root url="jar:///opt/java/hotspot/jdk-11.0.4+11/lib/src.zip!/jdk.internal.vm.compiler.management" type="simple" />
          </root>
        </sourcePath>
      </roots>
      <additional />
    </jdk>
    <jdk version="2">
      <name value="jdk-12.0.1+12" />
      <type value="JavaSDK" />
      <version value="java version &quot;12.0.1&quot;" />
      <homePath value="/opt/java/hotspot/jdk-12.0.1+12" />
      <roots>
        <annotationsPath>
          <root type="composite">
            <root url="jar://$APPLICATION_HOME_DIR$/lib/jdkAnnotations.jar!/" type="simple" />
          </root>
        </annotationsPath>
        <classPath>
          <root type="composite">
            <root url="jrt:///opt/java/hotspot/jdk-12.0.1+12!/java.base" type="simple" />
            <root url="jrt:///opt/java/hotspot/jdk-12.0.1+12!/java.compiler" type="simple" />
            <root url="jrt:///opt/java/hotspot/jdk-12.0.1+12!/java.datatransfer" type="simple" />
            <root url="jrt:///opt/java/hotspot/jdk-12.0.1+12!/java.desktop" type="simple" />
            <root url="jrt:///opt/java/hotspot/jdk-12.0.1+12!/java.instrument" type="simple" />
            <root url="jrt:///opt/java/hotspot/jdk-12.0.1+12!/java.logging" type="simple" />
            <root url="jrt:///opt/java/hotspot/jdk-12.0.1+12!/java.management" type="simple" />
            <root url="jrt:///opt/java/hotspot/jdk-12.0.1+12!/java.management.rmi" type="simple" />
            <root url="jrt:///opt/java/hotspot/jdk-12.0.1+12!/java.naming" type="simple" />
            <root url="jrt:///opt/java/hotspot/jdk-12.0.1+12!/java.net.http" type="simple" />
            <root url="jrt:///opt/java/hotspot/jdk-12.0.1+12!/java.prefs" type="simple" />
            <root url="jrt:///opt/java/hotspot/jdk-12.0.1+12!/java.rmi" type="simple" />
            <root url="jrt:///opt/java/hotspot/jdk-12.0.1+12!/java.scripting" type="simple" />
            <root url="jrt:///opt/java/hotspot/jdk-12.0.1+12!/java.se" type="simple" />
            <root url="jrt:///opt/java/hotspot/jdk-12.0.1+12!/java.security.jgss" type="simple" />
            <root url="jrt:///opt/java/hotspot/jdk-12.0.1+12!/java.security.sasl" type="simple" />
            <root url="jrt:///opt/java/hotspot/jdk-12.0.1+12!/java.smartcardio" type="simple" />
            <root url="jrt:///opt/java/hotspot/jdk-12.0.1+12!/java.sql" type="simple" />
            <root url="jrt:///opt/java/hotspot/jdk-12.0.1+12!/java.sql.rowset" type="simple" />
            <root url="jrt:///opt/java/hotspot/jdk-12.0.1+12!/java.transaction.xa" type="simple" />
            <root url="jrt:///opt/java/hotspot/jdk-12.0.1+12!/java.xml" type="simple" />
            <root url="jrt:///opt/java/hotspot/jdk-12.0.1+12!/java.xml.crypto" type="simple" />
            <root url="jrt:///opt/java/hotspot/jdk-12.0.1+12!/jdk.accessibility" type="simple" />
            <root url="jrt:///opt/java/hotspot/jdk-12.0.1+12!/jdk.aot" type="simple" />
            <root url="jrt:///opt/java/hotspot/jdk-12.0.1+12!/jdk.attach" type="simple" />
            <root url="jrt:///opt/java/hotspot/jdk-12.0.1+12!/jdk.charsets" type="simple" />
            <root url="jrt:///opt/java/hotspot/jdk-12.0.1+12!/jdk.compiler" type="simple" />
            <root url="jrt:///opt/java/hotspot/jdk-12.0.1+12!/jdk.crypto.cryptoki" type="simple" />
            <root url="jrt:///opt/java/hotspot/jdk-12.0.1+12!/jdk.crypto.ec" type="simple" />
            <root url="jrt:///opt/java/hotspot/jdk-12.0.1+12!/jdk.dynalink" type="simple" />
            <root url="jrt:///opt/java/hotspot/jdk-12.0.1+12!/jdk.editpad" type="simple" />
            <root url="jrt:///opt/java/hotspot/jdk-12.0.1+12!/jdk.hotspot.agent" type="simple" />
            <root url="jrt:///opt/java/hotspot/jdk-12.0.1+12!/jdk.httpserver" type="simple" />
            <root url="jrt:///opt/java/hotspot/jdk-12.0.1+12!/jdk.internal.ed" type="simple" />
            <root url="jrt:///opt/java/hotspot/jdk-12.0.1+12!/jdk.internal.jvmstat" type="simple" />
            <root url="jrt:///opt/java/hotspot/jdk-12.0.1+12!/jdk.internal.le" type="simple" />
            <root url="jrt:///opt/java/hotspot/jdk-12.0.1+12!/jdk.internal.opt" type="simple" />
            <root url="jrt:///opt/java/hotspot/jdk-12.0.1+12!/jdk.internal.vm.ci" type="simple" />
            <root url="jrt:///opt/java/hotspot/jdk-12.0.1+12!/jdk.internal.vm.compiler" type="simple" />
            <root url="jrt:///opt/java/hotspot/jdk-12.0.1+12!/jdk.internal.vm.compiler.management" type="simple" />
            <root url="jrt:///opt/java/hotspot/jdk-12.0.1+12!/jdk.jartool" type="simple" />
            <root url="jrt:///opt/java/hotspot/jdk-12.0.1+12!/jdk.javadoc" type="simple" />
            <root url="jrt:///opt/java/hotspot/jdk-12.0.1+12!/jdk.jcmd" type="simple" />
            <root url="jrt:///opt/java/hotspot/jdk-12.0.1+12!/jdk.jconsole" type="simple" />
            <root url="jrt:///opt/java/hotspot/jdk-12.0.1+12!/jdk.jdeps" type="simple" />
            <root url="jrt:///opt/java/hotspot/jdk-12.0.1+12!/jdk.jdi" type="simple" />
            <root url="jrt:///opt/java/hotspot/jdk-12.0.1+12!/jdk.jdwp.agent" type="simple" />
            <root url="jrt:///opt/java/hotspot/jdk-12.0.1+12!/jdk.jfr" type="simple" />
            <root url="jrt:///opt/java/hotspot/jdk-12.0.1+12!/jdk.jlink" type="simple" />
            <root url="jrt:///opt/java/hotspot/jdk-12.0.1+12!/jdk.jshell" type="simple" />
            <root url="jrt:///opt/java/hotspot/jdk-12.0.1+12!/jdk.jsobject" type="simple" />
            <root url="jrt:///opt/java/hotspot/jdk-12.0.1+12!/jdk.jstatd" type="simple" />
            <root url="jrt:///opt/java/hotspot/jdk-12.0.1+12!/jdk.localedata" type="simple" />
            <root url="jrt:///opt/java/hotspot/jdk-12.0.1+12!/jdk.management" type="simple" />
            <root url="jrt:///opt/java/hotspot/jdk-12.0.1+12!/jdk.management.agent" type="simple" />
            <root url="jrt:///opt/java/hotspot/jdk-12.0.1+12!/jdk.management.jfr" type="simple" />
            <root url="jrt:///opt/java/hotspot/jdk-12.0.1+12!/jdk.naming.dns" type="simple" />
            <root url="jrt:///opt/java/hotspot/jdk-12.0.1+12!/jdk.naming.rmi" type="simple" />
            <root url="jrt:///opt/java/hotspot/jdk-12.0.1+12!/jdk.net" type="simple" />
            <root url="jrt:///opt/java/hotspot/jdk-12.0.1+12!/jdk.pack" type="simple" />
            <root url="jrt:///opt/java/hotspot/jdk-12.0.1+12!/jdk.rmic" type="simple" />
            <root url="jrt:///opt/java/hotspot/jdk-12.0.1+12!/jdk.scripting.nashorn" type="simple" />
            <root url="jrt:///opt/java/hotspot/jdk-12.0.1+12!/jdk.scripting.nashorn.shell" type="simple" />
            <root url="jrt:///opt/java/hotspot/jdk-12.0.1+12!/jdk.sctp" type="simple" />
            <root url="jrt:///opt/java/hotspot/jdk-12.0.1+12!/jdk.security.auth" type="simple" />
            <root url="jrt:///opt/java/hotspot/jdk-12.0.1+12!/jdk.security.jgss" type="simple" />
            <root url="jrt:///opt/java/hotspot/jdk-12.0.1+12!/jdk.unsupported" type="simple" />
            <root url="jrt:///opt/java/hotspot/jdk-12.0.1+12!/jdk.unsupported.desktop" type="simple" />
            <root url="jrt:///opt/java/hotspot/jdk-12.0.1+12!/jdk.xml.dom" type="simple" />
            <root url="jrt:///opt/java/hotspot/jdk-12.0.1+12!/jdk.zipfs" type="simple" />
          </root>
        </classPath>
        <javadocPath>
          <root type="composite" />
        </javadocPath>
        <sourcePath>
          <root type="composite">
            <root url="jar:///opt/java/hotspot/jdk-12.0.1+12/lib/src.zip!/java.se" type="simple" />
            <root url="jar:///opt/java/hotspot/jdk-12.0.1+12/lib/src.zip!/jdk.aot" type="simple" />
            <root url="jar:///opt/java/hotspot/jdk-12.0.1+12/lib/src.zip!/jdk.jdi" type="simple" />
            <root url="jar:///opt/java/hotspot/jdk-12.0.1+12/lib/src.zip!/jdk.jfr" type="simple" />
            <root url="jar:///opt/java/hotspot/jdk-12.0.1+12/lib/src.zip!/jdk.net" type="simple" />
            <root url="jar:///opt/java/hotspot/jdk-12.0.1+12/lib/src.zip!/java.rmi" type="simple" />
            <root url="jar:///opt/java/hotspot/jdk-12.0.1+12/lib/src.zip!/java.sql" type="simple" />
            <root url="jar:///opt/java/hotspot/jdk-12.0.1+12/lib/src.zip!/java.xml" type="simple" />
            <root url="jar:///opt/java/hotspot/jdk-12.0.1+12/lib/src.zip!/jdk.jcmd" type="simple" />
            <root url="jar:///opt/java/hotspot/jdk-12.0.1+12/lib/src.zip!/jdk.pack" type="simple" />
            <root url="jar:///opt/java/hotspot/jdk-12.0.1+12/lib/src.zip!/jdk.rmic" type="simple" />
            <root url="jar:///opt/java/hotspot/jdk-12.0.1+12/lib/src.zip!/jdk.sctp" type="simple" />
            <root url="jar:///opt/java/hotspot/jdk-12.0.1+12/lib/src.zip!/java.base" type="simple" />
            <root url="jar:///opt/java/hotspot/jdk-12.0.1+12/lib/src.zip!/jdk.jdeps" type="simple" />
            <root url="jar:///opt/java/hotspot/jdk-12.0.1+12/lib/src.zip!/jdk.jlink" type="simple" />
            <root url="jar:///opt/java/hotspot/jdk-12.0.1+12/lib/src.zip!/jdk.zipfs" type="simple" />
            <root url="jar:///opt/java/hotspot/jdk-12.0.1+12/lib/src.zip!/java.prefs" type="simple" />
            <root url="jar:///opt/java/hotspot/jdk-12.0.1+12/lib/src.zip!/jdk.attach" type="simple" />
            <root url="jar:///opt/java/hotspot/jdk-12.0.1+12/lib/src.zip!/jdk.jshell" type="simple" />
            <root url="jar:///opt/java/hotspot/jdk-12.0.1+12/lib/src.zip!/jdk.jstatd" type="simple" />
            <root url="jar:///opt/java/hotspot/jdk-12.0.1+12/lib/src.zip!/java.naming" type="simple" />
            <root url="jar:///opt/java/hotspot/jdk-12.0.1+12/lib/src.zip!/jdk.editpad" type="simple" />
            <root url="jar:///opt/java/hotspot/jdk-12.0.1+12/lib/src.zip!/jdk.jartool" type="simple" />
            <root url="jar:///opt/java/hotspot/jdk-12.0.1+12/lib/src.zip!/jdk.javadoc" type="simple" />
            <root url="jar:///opt/java/hotspot/jdk-12.0.1+12/lib/src.zip!/jdk.xml.dom" type="simple" />
            <root url="jar:///opt/java/hotspot/jdk-12.0.1+12/lib/src.zip!/java.desktop" type="simple" />
            <root url="jar:///opt/java/hotspot/jdk-12.0.1+12/lib/src.zip!/java.logging" type="simple" />
            <root url="jar:///opt/java/hotspot/jdk-12.0.1+12/lib/src.zip!/jdk.charsets" type="simple" />
            <root url="jar:///opt/java/hotspot/jdk-12.0.1+12/lib/src.zip!/jdk.compiler" type="simple" />
            <root url="jar:///opt/java/hotspot/jdk-12.0.1+12/lib/src.zip!/jdk.dynalink" type="simple" />
            <root url="jar:///opt/java/hotspot/jdk-12.0.1+12/lib/src.zip!/jdk.jconsole" type="simple" />
            <root url="jar:///opt/java/hotspot/jdk-12.0.1+12/lib/src.zip!/jdk.jsobject" type="simple" />
            <root url="jar:///opt/java/hotspot/jdk-12.0.1+12/lib/src.zip!/java.compiler" type="simple" />
            <root url="jar:///opt/java/hotspot/jdk-12.0.1+12/lib/src.zip!/java.net.http" type="simple" />
            <root url="jar:///opt/java/hotspot/jdk-12.0.1+12/lib/src.zip!/jdk.crypto.ec" type="simple" />
            <root url="jar:///opt/java/hotspot/jdk-12.0.1+12/lib/src.zip!/java.scripting" type="simple" />
            <root url="jar:///opt/java/hotspot/jdk-12.0.1+12/lib/src.zip!/jdk.httpserver" type="simple" />
            <root url="jar:///opt/java/hotspot/jdk-12.0.1+12/lib/src.zip!/jdk.jdwp.agent" type="simple" />
            <root url="jar:///opt/java/hotspot/jdk-12.0.1+12/lib/src.zip!/jdk.localedata" type="simple" />
            <root url="jar:///opt/java/hotspot/jdk-12.0.1+12/lib/src.zip!/jdk.management" type="simple" />
            <root url="jar:///opt/java/hotspot/jdk-12.0.1+12/lib/src.zip!/jdk.naming.dns" type="simple" />
            <root url="jar:///opt/java/hotspot/jdk-12.0.1+12/lib/src.zip!/jdk.naming.rmi" type="simple" />
            <root url="jar:///opt/java/hotspot/jdk-12.0.1+12/lib/src.zip!/java.instrument" type="simple" />
            <root url="jar:///opt/java/hotspot/jdk-12.0.1+12/lib/src.zip!/java.management" type="simple" />
            <root url="jar:///opt/java/hotspot/jdk-12.0.1+12/lib/src.zip!/java.sql.rowset" type="simple" />
            <root url="jar:///opt/java/hotspot/jdk-12.0.1+12/lib/src.zip!/java.xml.crypto" type="simple" />
            <root url="jar:///opt/java/hotspot/jdk-12.0.1+12/lib/src.zip!/jdk.internal.ed" type="simple" />
            <root url="jar:///opt/java/hotspot/jdk-12.0.1+12/lib/src.zip!/jdk.internal.le" type="simple" />
            <root url="jar:///opt/java/hotspot/jdk-12.0.1+12/lib/src.zip!/jdk.unsupported" type="simple" />
            <root url="jar:///opt/java/hotspot/jdk-12.0.1+12/lib/src.zip!/java.smartcardio" type="simple" />
            <root url="jar:///opt/java/hotspot/jdk-12.0.1+12/lib/src.zip!/jdk.internal.opt" type="simple" />
            <root url="jar:///opt/java/hotspot/jdk-12.0.1+12/lib/src.zip!/java.datatransfer" type="simple" />
            <root url="jar:///opt/java/hotspot/jdk-12.0.1+12/lib/src.zip!/jdk.accessibility" type="simple" />
            <root url="jar:///opt/java/hotspot/jdk-12.0.1+12/lib/src.zip!/jdk.hotspot.agent" type="simple" />
            <root url="jar:///opt/java/hotspot/jdk-12.0.1+12/lib/src.zip!/jdk.security.auth" type="simple" />
            <root url="jar:///opt/java/hotspot/jdk-12.0.1+12/lib/src.zip!/jdk.security.jgss" type="simple" />
            <root url="jar:///opt/java/hotspot/jdk-12.0.1+12/lib/src.zip!/java.security.jgss" type="simple" />
            <root url="jar:///opt/java/hotspot/jdk-12.0.1+12/lib/src.zip!/java.security.sasl" type="simple" />
            <root url="jar:///opt/java/hotspot/jdk-12.0.1+12/lib/src.zip!/jdk.internal.vm.ci" type="simple" />
            <root url="jar:///opt/java/hotspot/jdk-12.0.1+12/lib/src.zip!/jdk.management.jfr" type="simple" />
            <root url="jar:///opt/java/hotspot/jdk-12.0.1+12/lib/src.zip!/java.management.rmi" type="simple" />
            <root url="jar:///opt/java/hotspot/jdk-12.0.1+12/lib/src.zip!/java.transaction.xa" type="simple" />
            <root url="jar:///opt/java/hotspot/jdk-12.0.1+12/lib/src.zip!/jdk.crypto.cryptoki" type="simple" />
            <root url="jar:///opt/java/hotspot/jdk-12.0.1+12/lib/src.zip!/jdk.internal.jvmstat" type="simple" />
            <root url="jar:///opt/java/hotspot/jdk-12.0.1+12/lib/src.zip!/jdk.management.agent" type="simple" />
            <root url="jar:///opt/java/hotspot/jdk-12.0.1+12/lib/src.zip!/jdk.scripting.nashorn" type="simple" />
            <root url="jar:///opt/java/hotspot/jdk-12.0.1+12/lib/src.zip!/jdk.unsupported.desktop" type="simple" />
            <root url="jar:///opt/java/hotspot/jdk-12.0.1+12/lib/src.zip!/jdk.internal.vm.compiler" type="simple" />
            <root url="jar:///opt/java/hotspot/jdk-12.0.1+12/lib/src.zip!/jdk.scripting.nashorn.shell" type="simple" />
            <root url="jar:///opt/java/hotspot/jdk-12.0.1+12/lib/src.zip!/jdk.internal.vm.compiler.management" type="simple" />
          </root>
        </sourcePath>
      </roots>
      <additional />
    </jdk>
    <jdk version="2">
      <name value="14" />
      <type value="JavaSDK" />
      <version value="java version &quot;14&quot;" />
      <homePath value="/opt/java/hotspot/jdk-14+36" />
      <roots>
        <annotationsPath>
          <root type="composite">
            <root url="jar://$APPLICATION_HOME_DIR$/plugins/java/lib/jdkAnnotations.jar!/" type="simple" />
          </root>
        </annotationsPath>
        <classPath>
          <root type="composite">
            <root url="jrt:///opt/java/hotspot/jdk-14+36!/java.base" type="simple" />
            <root url="jrt:///opt/java/hotspot/jdk-14+36!/java.compiler" type="simple" />
            <root url="jrt:///opt/java/hotspot/jdk-14+36!/java.datatransfer" type="simple" />
            <root url="jrt:///opt/java/hotspot/jdk-14+36!/java.desktop" type="simple" />
            <root url="jrt:///opt/java/hotspot/jdk-14+36!/java.instrument" type="simple" />
            <root url="jrt:///opt/java/hotspot/jdk-14+36!/java.logging" type="simple" />
            <root url="jrt:///opt/java/hotspot/jdk-14+36!/java.management" type="simple" />
            <root url="jrt:///opt/java/hotspot/jdk-14+36!/java.management.rmi" type="simple" />
            <root url="jrt:///opt/java/hotspot/jdk-14+36!/java.naming" type="simple" />
            <root url="jrt:///opt/java/hotspot/jdk-14+36!/java.net.http" type="simple" />
            <root url="jrt:///opt/java/hotspot/jdk-14+36!/java.prefs" type="simple" />
            <root url="jrt:///opt/java/hotspot/jdk-14+36!/java.rmi" type="simple" />
            <root url="jrt:///opt/java/hotspot/jdk-14+36!/java.scripting" type="simple" />
            <root url="jrt:///opt/java/hotspot/jdk-14+36!/java.se" type="simple" />
            <root url="jrt:///opt/java/hotspot/jdk-14+36!/java.security.jgss" type="simple" />
            <root url="jrt:///opt/java/hotspot/jdk-14+36!/java.security.sasl" type="simple" />
            <root url="jrt:///opt/java/hotspot/jdk-14+36!/java.smartcardio" type="simple" />
            <root url="jrt:///opt/java/hotspot/jdk-14+36!/java.sql" type="simple" />
            <root url="jrt:///opt/java/hotspot/jdk-14+36!/java.sql.rowset" type="simple" />
            <root url="jrt:///opt/java/hotspot/jdk-14+36!/java.transaction.xa" type="simple" />
            <root url="jrt:///opt/java/hotspot/jdk-14+36!/java.xml" type="simple" />
            <root url="jrt:///opt/java/hotspot/jdk-14+36!/java.xml.crypto" type="simple" />
            <root url="jrt:///opt/java/hotspot/jdk-14+36!/jdk.accessibility" type="simple" />
            <root url="jrt:///opt/java/hotspot/jdk-14+36!/jdk.aot" type="simple" />
            <root url="jrt:///opt/java/hotspot/jdk-14+36!/jdk.attach" type="simple" />
            <root url="jrt:///opt/java/hotspot/jdk-14+36!/jdk.charsets" type="simple" />
            <root url="jrt:///opt/java/hotspot/jdk-14+36!/jdk.compiler" type="simple" />
            <root url="jrt:///opt/java/hotspot/jdk-14+36!/jdk.crypto.cryptoki" type="simple" />
            <root url="jrt:///opt/java/hotspot/jdk-14+36!/jdk.crypto.ec" type="simple" />
            <root url="jrt:///opt/java/hotspot/jdk-14+36!/jdk.dynalink" type="simple" />
            <root url="jrt:///opt/java/hotspot/jdk-14+36!/jdk.editpad" type="simple" />
            <root url="jrt:///opt/java/hotspot/jdk-14+36!/jdk.hotspot.agent" type="simple" />
            <root url="jrt:///opt/java/hotspot/jdk-14+36!/jdk.httpserver" type="simple" />
            <root url="jrt:///opt/java/hotspot/jdk-14+36!/jdk.incubator.foreign" type="simple" />
            <root url="jrt:///opt/java/hotspot/jdk-14+36!/jdk.incubator.jpackage" type="simple" />
            <root url="jrt:///opt/java/hotspot/jdk-14+36!/jdk.internal.ed" type="simple" />
            <root url="jrt:///opt/java/hotspot/jdk-14+36!/jdk.internal.jvmstat" type="simple" />
            <root url="jrt:///opt/java/hotspot/jdk-14+36!/jdk.internal.le" type="simple" />
            <root url="jrt:///opt/java/hotspot/jdk-14+36!/jdk.internal.opt" type="simple" />
            <root url="jrt:///opt/java/hotspot/jdk-14+36!/jdk.internal.vm.ci" type="simple" />
            <root url="jrt:///opt/java/hotspot/jdk-14+36!/jdk.internal.vm.compiler" type="simple" />
            <root url="jrt:///opt/java/hotspot/jdk-14+36!/jdk.internal.vm.compiler.management" type="simple" />
            <root url="jrt:///opt/java/hotspot/jdk-14+36!/jdk.jartool" type="simple" />
            <root url="jrt:///opt/java/hotspot/jdk-14+36!/jdk.javadoc" type="simple" />
            <root url="jrt:///opt/java/hotspot/jdk-14+36!/jdk.jcmd" type="simple" />
            <root url="jrt:///opt/java/hotspot/jdk-14+36!/jdk.jconsole" type="simple" />
            <root url="jrt:///opt/java/hotspot/jdk-14+36!/jdk.jdeps" type="simple" />
            <root url="jrt:///opt/java/hotspot/jdk-14+36!/jdk.jdi" type="simple" />
            <root url="jrt:///opt/java/hotspot/jdk-14+36!/jdk.jdwp.agent" type="simple" />
            <root url="jrt:///opt/java/hotspot/jdk-14+36!/jdk.jfr" type="simple" />
            <root url="jrt:///opt/java/hotspot/jdk-14+36!/jdk.jlink" type="simple" />
            <root url="jrt:///opt/java/hotspot/jdk-14+36!/jdk.jshell" type="simple" />
            <root url="jrt:///opt/java/hotspot/jdk-14+36!/jdk.jsobject" type="simple" />
            <root url="jrt:///opt/java/hotspot/jdk-14+36!/jdk.jstatd" type="simple" />
            <root url="jrt:///opt/java/hotspot/jdk-14+36!/jdk.localedata" type="simple" />
            <root url="jrt:///opt/java/hotspot/jdk-14+36!/jdk.management" type="simple" />
            <root url="jrt:///opt/java/hotspot/jdk-14+36!/jdk.management.agent" type="simple" />
            <root url="jrt:///opt/java/hotspot/jdk-14+36!/jdk.management.jfr" type="simple" />
            <root url="jrt:///opt/java/hotspot/jdk-14+36!/jdk.naming.dns" type="simple" />
            <root url="jrt:///opt/java/hotspot/jdk-14+36!/jdk.naming.rmi" type="simple" />
            <root url="jrt:///opt/java/hotspot/jdk-14+36!/jdk.net" type="simple" />
            <root url="jrt:///opt/java/hotspot/jdk-14+36!/jdk.nio.mapmode" type="simple" />
            <root url="jrt:///opt/java/hotspot/jdk-14+36!/jdk.rmic" type="simple" />
            <root url="jrt:///opt/java/hotspot/jdk-14+36!/jdk.scripting.nashorn" type="simple" />
            <root url="jrt:///opt/java/hotspot/jdk-14+36!/jdk.scripting.nashorn.shell" type="simple" />
            <root url="jrt:///opt/java/hotspot/jdk-14+36!/jdk.sctp" type="simple" />
            <root url="jrt:///opt/java/hotspot/jdk-14+36!/jdk.security.auth" type="simple" />
            <root url="jrt:///opt/java/hotspot/jdk-14+36!/jdk.security.jgss" type="simple" />
            <root url="jrt:///opt/java/hotspot/jdk-14+36!/jdk.unsupported" type="simple" />
            <root url="jrt:///opt/java/hotspot/jdk-14+36!/jdk.unsupported.desktop" type="simple" />
            <root url="jrt:///opt/java/hotspot/jdk-14+36!/jdk.xml.dom" type="simple" />
            <root url="jrt:///opt/java/hotspot/jdk-14+36!/jdk.zipfs" type="simple" />
          </root>
        </classPath>
        <javadocPath>
          <root type="composite" />
        </javadocPath>
        <sourcePath>
          <root type="composite">
            <root url="jar:///opt/java/hotspot/jdk-14+36/lib/src.zip!/java.se" type="simple" />
            <root url="jar:///opt/java/hotspot/jdk-14+36/lib/src.zip!/jdk.aot" type="simple" />
            <root url="jar:///opt/java/hotspot/jdk-14+36/lib/src.zip!/jdk.jdi" type="simple" />
            <root url="jar:///opt/java/hotspot/jdk-14+36/lib/src.zip!/jdk.jfr" type="simple" />
            <root url="jar:///opt/java/hotspot/jdk-14+36/lib/src.zip!/jdk.net" type="simple" />
            <root url="jar:///opt/java/hotspot/jdk-14+36/lib/src.zip!/java.rmi" type="simple" />
            <root url="jar:///opt/java/hotspot/jdk-14+36/lib/src.zip!/java.sql" type="simple" />
            <root url="jar:///opt/java/hotspot/jdk-14+36/lib/src.zip!/java.xml" type="simple" />
            <root url="jar:///opt/java/hotspot/jdk-14+36/lib/src.zip!/jdk.jcmd" type="simple" />
            <root url="jar:///opt/java/hotspot/jdk-14+36/lib/src.zip!/jdk.rmic" type="simple" />
            <root url="jar:///opt/java/hotspot/jdk-14+36/lib/src.zip!/jdk.sctp" type="simple" />
            <root url="jar:///opt/java/hotspot/jdk-14+36/lib/src.zip!/java.base" type="simple" />
            <root url="jar:///opt/java/hotspot/jdk-14+36/lib/src.zip!/jdk.jdeps" type="simple" />
            <root url="jar:///opt/java/hotspot/jdk-14+36/lib/src.zip!/jdk.jlink" type="simple" />
            <root url="jar:///opt/java/hotspot/jdk-14+36/lib/src.zip!/jdk.zipfs" type="simple" />
            <root url="jar:///opt/java/hotspot/jdk-14+36/lib/src.zip!/java.prefs" type="simple" />
            <root url="jar:///opt/java/hotspot/jdk-14+36/lib/src.zip!/jdk.attach" type="simple" />
            <root url="jar:///opt/java/hotspot/jdk-14+36/lib/src.zip!/jdk.jshell" type="simple" />
            <root url="jar:///opt/java/hotspot/jdk-14+36/lib/src.zip!/jdk.jstatd" type="simple" />
            <root url="jar:///opt/java/hotspot/jdk-14+36/lib/src.zip!/java.naming" type="simple" />
            <root url="jar:///opt/java/hotspot/jdk-14+36/lib/src.zip!/jdk.editpad" type="simple" />
            <root url="jar:///opt/java/hotspot/jdk-14+36/lib/src.zip!/jdk.jartool" type="simple" />
            <root url="jar:///opt/java/hotspot/jdk-14+36/lib/src.zip!/jdk.javadoc" type="simple" />
            <root url="jar:///opt/java/hotspot/jdk-14+36/lib/src.zip!/jdk.xml.dom" type="simple" />
            <root url="jar:///opt/java/hotspot/jdk-14+36/lib/src.zip!/java.desktop" type="simple" />
            <root url="jar:///opt/java/hotspot/jdk-14+36/lib/src.zip!/java.logging" type="simple" />
            <root url="jar:///opt/java/hotspot/jdk-14+36/lib/src.zip!/jdk.charsets" type="simple" />
            <root url="jar:///opt/java/hotspot/jdk-14+36/lib/src.zip!/jdk.compiler" type="simple" />
            <root url="jar:///opt/java/hotspot/jdk-14+36/lib/src.zip!/jdk.dynalink" type="simple" />
            <root url="jar:///opt/java/hotspot/jdk-14+36/lib/src.zip!/jdk.jconsole" type="simple" />
            <root url="jar:///opt/java/hotspot/jdk-14+36/lib/src.zip!/jdk.jsobject" type="simple" />
            <root url="jar:///opt/java/hotspot/jdk-14+36/lib/src.zip!/java.compiler" type="simple" />
            <root url="jar:///opt/java/hotspot/jdk-14+36/lib/src.zip!/java.net.http" type="simple" />
            <root url="jar:///opt/java/hotspot/jdk-14+36/lib/src.zip!/jdk.crypto.ec" type="simple" />
            <root url="jar:///opt/java/hotspot/jdk-14+36/lib/src.zip!/java.scripting" type="simple" />
            <root url="jar:///opt/java/hotspot/jdk-14+36/lib/src.zip!/jdk.httpserver" type="simple" />
            <root url="jar:///opt/java/hotspot/jdk-14+36/lib/src.zip!/jdk.jdwp.agent" type="simple" />
            <root url="jar:///opt/java/hotspot/jdk-14+36/lib/src.zip!/jdk.localedata" type="simple" />
            <root url="jar:///opt/java/hotspot/jdk-14+36/lib/src.zip!/jdk.management" type="simple" />
            <root url="jar:///opt/java/hotspot/jdk-14+36/lib/src.zip!/jdk.naming.dns" type="simple" />
            <root url="jar:///opt/java/hotspot/jdk-14+36/lib/src.zip!/jdk.naming.rmi" type="simple" />
            <root url="jar:///opt/java/hotspot/jdk-14+36/lib/src.zip!/java.instrument" type="simple" />
            <root url="jar:///opt/java/hotspot/jdk-14+36/lib/src.zip!/java.management" type="simple" />
            <root url="jar:///opt/java/hotspot/jdk-14+36/lib/src.zip!/java.sql.rowset" type="simple" />
            <root url="jar:///opt/java/hotspot/jdk-14+36/lib/src.zip!/java.xml.crypto" type="simple" />
            <root url="jar:///opt/java/hotspot/jdk-14+36/lib/src.zip!/jdk.internal.ed" type="simple" />
            <root url="jar:///opt/java/hotspot/jdk-14+36/lib/src.zip!/jdk.internal.le" type="simple" />
            <root url="jar:///opt/java/hotspot/jdk-14+36/lib/src.zip!/jdk.nio.mapmode" type="simple" />
            <root url="jar:///opt/java/hotspot/jdk-14+36/lib/src.zip!/jdk.unsupported" type="simple" />
            <root url="jar:///opt/java/hotspot/jdk-14+36/lib/src.zip!/java.smartcardio" type="simple" />
            <root url="jar:///opt/java/hotspot/jdk-14+36/lib/src.zip!/jdk.internal.opt" type="simple" />
            <root url="jar:///opt/java/hotspot/jdk-14+36/lib/src.zip!/java.datatransfer" type="simple" />
            <root url="jar:///opt/java/hotspot/jdk-14+36/lib/src.zip!/jdk.accessibility" type="simple" />
            <root url="jar:///opt/java/hotspot/jdk-14+36/lib/src.zip!/jdk.hotspot.agent" type="simple" />
            <root url="jar:///opt/java/hotspot/jdk-14+36/lib/src.zip!/jdk.security.auth" type="simple" />
            <root url="jar:///opt/java/hotspot/jdk-14+36/lib/src.zip!/jdk.security.jgss" type="simple" />
            <root url="jar:///opt/java/hotspot/jdk-14+36/lib/src.zip!/java.security.jgss" type="simple" />
            <root url="jar:///opt/java/hotspot/jdk-14+36/lib/src.zip!/java.security.sasl" type="simple" />
            <root url="jar:///opt/java/hotspot/jdk-14+36/lib/src.zip!/jdk.internal.vm.ci" type="simple" />
            <root url="jar:///opt/java/hotspot/jdk-14+36/lib/src.zip!/jdk.management.jfr" type="simple" />
            <root url="jar:///opt/java/hotspot/jdk-14+36/lib/src.zip!/java.management.rmi" type="simple" />
            <root url="jar:///opt/java/hotspot/jdk-14+36/lib/src.zip!/java.transaction.xa" type="simple" />
            <root url="jar:///opt/java/hotspot/jdk-14+36/lib/src.zip!/jdk.crypto.cryptoki" type="simple" />
            <root url="jar:///opt/java/hotspot/jdk-14+36/lib/src.zip!/jdk.internal.jvmstat" type="simple" />
            <root url="jar:///opt/java/hotspot/jdk-14+36/lib/src.zip!/jdk.management.agent" type="simple" />
            <root url="jar:///opt/java/hotspot/jdk-14+36/lib/src.zip!/jdk.incubator.foreign" type="simple" />
            <root url="jar:///opt/java/hotspot/jdk-14+36/lib/src.zip!/jdk.scripting.nashorn" type="simple" />
            <root url="jar:///opt/java/hotspot/jdk-14+36/lib/src.zip!/jdk.incubator.jpackage" type="simple" />
            <root url="jar:///opt/java/hotspot/jdk-14+36/lib/src.zip!/jdk.unsupported.desktop" type="simple" />
            <root url="jar:///opt/java/hotspot/jdk-14+36/lib/src.zip!/jdk.internal.vm.compiler" type="simple" />
            <root url="jar:///opt/java/hotspot/jdk-14+36/lib/src.zip!/jdk.scripting.nashorn.shell" type="simple" />
            <root url="jar:///opt/java/hotspot/jdk-14+36/lib/src.zip!/jdk.internal.vm.compiler.management" type="simple" />
          </root>
        </sourcePath>
      </roots>
      <additional />
    </jdk>
  </component>
</application>