<application>
  <component name="ProjectJdkTable">
    <jdk version="2">
      <name value="11" />
      <type value="JavaSDK" />
      <version value="java version &quot;11.0.12&quot;" />
      <homePath value="/usr/lib/jvm/java-11" />
      <roots>
        <annotationsPath>
          <root type="composite">
            <root url="jar://$APPLICATION_HOME_DIR$/plugins/java/lib/jdkAnnotations.jar!/" type="simple" />
          </root>
        </annotationsPath>
        <classPath>
          <root type="composite">
            <root url="jrt:///usr/lib/jvm/java-11!/java.base" type="simple" />
            <root url="jrt:///usr/lib/jvm/java-11!/java.compiler" type="simple" />
            <root url="jrt:///usr/lib/jvm/java-11!/java.datatransfer" type="simple" />
            <root url="jrt:///usr/lib/jvm/java-11!/java.desktop" type="simple" />
            <root url="jrt:///usr/lib/jvm/java-11!/java.instrument" type="simple" />
            <root url="jrt:///usr/lib/jvm/java-11!/java.logging" type="simple" />
            <root url="jrt:///usr/lib/jvm/java-11!/java.management" type="simple" />
            <root url="jrt:///usr/lib/jvm/java-11!/java.management.rmi" type="simple" />
            <root url="jrt:///usr/lib/jvm/java-11!/java.naming" type="simple" />
            <root url="jrt:///usr/lib/jvm/java-11!/java.net.http" type="simple" />
            <root url="jrt:///usr/lib/jvm/java-11!/java.prefs" type="simple" />
            <root url="jrt:///usr/lib/jvm/java-11!/java.rmi" type="simple" />
            <root url="jrt:///usr/lib/jvm/java-11!/java.scripting" type="simple" />
            <root url="jrt:///usr/lib/jvm/java-11!/java.se" type="simple" />
            <root url="jrt:///usr/lib/jvm/java-11!/java.security.jgss" type="simple" />
            <root url="jrt:///usr/lib/jvm/java-11!/java.security.sasl" type="simple" />
            <root url="jrt:///usr/lib/jvm/java-11!/java.smartcardio" type="simple" />
            <root url="jrt:///usr/lib/jvm/java-11!/java.sql" type="simple" />
            <root url="jrt:///usr/lib/jvm/java-11!/java.sql.rowset" type="simple" />
            <root url="jrt:///usr/lib/jvm/java-11!/java.transaction.xa" type="simple" />
            <root url="jrt:///usr/lib/jvm/java-11!/java.xml" type="simple" />
            <root url="jrt:///usr/lib/jvm/java-11!/java.xml.crypto" type="simple" />
            <root url="jrt:///usr/lib/jvm/java-11!/jdk.accessibility" type="simple" />
            <root url="jrt:///usr/lib/jvm/java-11!/jdk.aot" type="simple" />
            <root url="jrt:///usr/lib/jvm/java-11!/jdk.attach" type="simple" />
            <root url="jrt:///usr/lib/jvm/java-11!/jdk.charsets" type="simple" />
            <root url="jrt:///usr/lib/jvm/java-11!/jdk.compiler" type="simple" />
            <root url="jrt:///usr/lib/jvm/java-11!/jdk.crypto.cryptoki" type="simple" />
            <root url="jrt:///usr/lib/jvm/java-11!/jdk.crypto.ec" type="simple" />
            <root url="jrt:///usr/lib/jvm/java-11!/jdk.dynalink" type="simple" />
            <root url="jrt:///usr/lib/jvm/java-11!/jdk.editpad" type="simple" />
            <root url="jrt:///usr/lib/jvm/java-11!/jdk.hotspot.agent" type="simple" />
            <root url="jrt:///usr/lib/jvm/java-11!/jdk.httpserver" type="simple" />
            <root url="jrt:///usr/lib/jvm/java-11!/jdk.internal.ed" type="simple" />
            <root url="jrt:///usr/lib/jvm/java-11!/jdk.internal.jvmstat" type="simple" />
            <root url="jrt:///usr/lib/jvm/java-11!/jdk.internal.le" type="simple" />
            <root url="jrt:///usr/lib/jvm/java-11!/jdk.internal.opt" type="simple" />
            <root url="jrt:///usr/lib/jvm/java-11!/jdk.internal.vm.ci" type="simple" />
            <root url="jrt:///usr/lib/jvm/java-11!/jdk.internal.vm.compiler" type="simple" />
            <root url="jrt:///usr/lib/jvm/java-11!/jdk.internal.vm.compiler.management" type="simple" />
            <root url="jrt:///usr/lib/jvm/java-11!/jdk.jartool" type="simple" />
            <root url="jrt:///usr/lib/jvm/java-11!/jdk.javadoc" type="simple" />
            <root url="jrt:///usr/lib/jvm/java-11!/jdk.jcmd" type="simple" />
            <root url="jrt:///usr/lib/jvm/java-11!/jdk.jconsole" type="simple" />
            <root url="jrt:///usr/lib/jvm/java-11!/jdk.jdeps" type="simple" />
            <root url="jrt:///usr/lib/jvm/java-11!/jdk.jdi" type="simple" />
            <root url="jrt:///usr/lib/jvm/java-11!/jdk.jdwp.agent" type="simple" />
            <root url="jrt:///usr/lib/jvm/java-11!/jdk.jfr" type="simple" />
            <root url="jrt:///usr/lib/jvm/java-11!/jdk.jlink" type="simple" />
            <root url="jrt:///usr/lib/jvm/java-11!/jdk.jshell" type="simple" />
            <root url="jrt:///usr/lib/jvm/java-11!/jdk.jsobject" type="simple" />
            <root url="jrt:///usr/lib/jvm/java-11!/jdk.jstatd" type="simple" />
            <root url="jrt:///usr/lib/jvm/java-11!/jdk.localedata" type="simple" />
            <root url="jrt:///usr/lib/jvm/java-11!/jdk.management" type="simple" />
            <root url="jrt:///usr/lib/jvm/java-11!/jdk.management.agent" type="simple" />
            <root url="jrt:///usr/lib/jvm/java-11!/jdk.management.jfr" type="simple" />
            <root url="jrt:///usr/lib/jvm/java-11!/jdk.naming.dns" type="simple" />
            <root url="jrt:///usr/lib/jvm/java-11!/jdk.naming.ldap" type="simple" />
            <root url="jrt:///usr/lib/jvm/java-11!/jdk.naming.rmi" type="simple" />
            <root url="jrt:///usr/lib/jvm/java-11!/jdk.net" type="simple" />
            <root url="jrt:///usr/lib/jvm/java-11!/jdk.pack" type="simple" />
            <root url="jrt:///usr/lib/jvm/java-11!/jdk.rmic" type="simple" />
            <root url="jrt:///usr/lib/jvm/java-11!/jdk.scripting.nashorn" type="simple" />
            <root url="jrt:///usr/lib/jvm/java-11!/jdk.scripting.nashorn.shell" type="simple" />
            <root url="jrt:///usr/lib/jvm/java-11!/jdk.sctp" type="simple" />
            <root url="jrt:///usr/lib/jvm/java-11!/jdk.security.auth" type="simple" />
            <root url="jrt:///usr/lib/jvm/java-11!/jdk.security.jgss" type="simple" />
            <root url="jrt:///usr/lib/jvm/java-11!/jdk.unsupported" type="simple" />
            <root url="jrt:///usr/lib/jvm/java-11!/jdk.unsupported.desktop" type="simple" />
            <root url="jrt:///usr/lib/jvm/java-11!/jdk.xml.dom" type="simple" />
            <root url="jrt:///usr/lib/jvm/java-11!/jdk.zipfs" type="simple" />
          </root>
        </classPath>
        <javadocPath>
          <root type="composite">
            <root url="https://docs.oracle.com/en/java/javase/11/docs/api/" type="simple" />
          </root>
        </javadocPath>
        <sourcePath>
          <root type="composite" />
        </sourcePath>
      </roots>
      <additional />
    </jdk>
    <jdk version="2">
      <name value="1.8" />
      <type value="JavaSDK" />
      <version value="java version &quot;1.8.0_302&quot;" />
      <homePath value="/usr/lib/jvm/java-1.8.0" />
      <roots>
        <annotationsPath>
          <root type="composite">
            <root url="jar://$APPLICATION_HOME_DIR$/plugins/java/lib/jdkAnnotations.jar!/" type="simple" />
          </root>
        </annotationsPath>
        <classPath>
          <root type="composite">
            <root url="jar:///usr/lib/jvm/java-1.8.0/jre/lib/charsets.jar!/" type="simple" />
            <root url="jar:///usr/lib/jvm/java-1.8.0/jre/lib/ext/cldrdata.jar!/" type="simple" />
            <root url="jar:///usr/lib/jvm/java-1.8.0/jre/lib/ext/dnsns.jar!/" type="simple" />
            <root url="jar:///usr/lib/jvm/java-1.8.0/jre/lib/ext/jaccess.jar!/" type="simple" />
            <root url="jar:///usr/lib/jvm/java-1.8.0/jre/lib/ext/localedata.jar!/" type="simple" />
            <root url="jar:///usr/lib/jvm/java-1.8.0/jre/lib/ext/nashorn.jar!/" type="simple" />
            <root url="jar:///usr/lib/jvm/java-1.8.0/jre/lib/ext/sunec.jar!/" type="simple" />
            <root url="jar:///usr/lib/jvm/java-1.8.0/jre/lib/ext/sunjce_provider.jar!/" type="simple" />
            <root url="jar:///usr/lib/jvm/java-1.8.0/jre/lib/ext/sunpkcs11.jar!/" type="simple" />
            <root url="jar:///usr/lib/jvm/java-1.8.0/jre/lib/ext/zipfs.jar!/" type="simple" />
            <root url="jar:///usr/lib/jvm/java-1.8.0/jre/lib/jce.jar!/" type="simple" />
            <root url="jar:///usr/lib/jvm/java-1.8.0/jre/lib/jfr.jar!/" type="simple" />
            <root url="jar:///usr/lib/jvm/java-1.8.0/jre/lib/jsse.jar!/" type="simple" />
            <root url="jar:///usr/lib/jvm/java-1.8.0/jre/lib/management-agent.jar!/" type="simple" />
            <root url="jar:///usr/lib/jvm/java-1.8.0/jre/lib/resources.jar!/" type="simple" />
            <root url="jar:///usr/lib/jvm/java-1.8.0/jre/lib/rt.jar!/" type="simple" />
          </root>
        </classPath>
        <javadocPath>
          <root type="composite">
            <root url="https://docs.oracle.com/javase/8/docs/api/" type="simple" />
          </root>
        </javadocPath>
        <sourcePath>
          <root type="composite" />
        </sourcePath>
      </roots>
      <additional />
    </jdk>
    <jdk version="2">
      <name value="Kotlin SDK" />
      <type value="KotlinSDK" />
      <version value="1.5.10-release-896" />
      <homePath value="$KOTLIN_BUNDLED$" />
      <roots>
        <annotationsPath>
          <root type="composite" />
        </annotationsPath>
        <classPath>
          <root type="composite" />
        </classPath>
        <javadocPath>
          <root type="composite" />
        </javadocPath>
        <sourcePath>
          <root type="composite" />
        </sourcePath>
      </roots>
      <additional />
    </jdk>
  </component>
</application>