<application>
  <component name="ProjectJdkTable">
    <jdk version="2">
      <name value="1.8" />
      <type value="JavaSDK" />
      <version value="version 1.8.0_265" />
      <homePath value="/opt/java/hotspot/jdk8u265-b01" />
      <roots>
        <annotationsPath>
          <root type="composite">
            <root url="jar://$APPLICATION_HOME_DIR$/plugins/java/lib/jdkAnnotations.jar!/" type="simple" />
          </root>
        </annotationsPath>
        <classPath>
          <root type="composite">
            <root url="jar:///opt/java/hotspot/jdk8u265-b01/jre/lib/charsets.jar!/" type="simple" />
            <root url="jar:///opt/java/hotspot/jdk8u265-b01/jre/lib/ext/cldrdata.jar!/" type="simple" />
            <root url="jar:///opt/java/hotspot/jdk8u265-b01/jre/lib/ext/dnsns.jar!/" type="simple" />
            <root url="jar:///opt/java/hotspot/jdk8u265-b01/jre/lib/ext/jaccess.jar!/" type="simple" />
            <root url="jar:///opt/java/hotspot/jdk8u265-b01/jre/lib/ext/localedata.jar!/" type="simple" />
            <root url="jar:///opt/java/hotspot/jdk8u265-b01/jre/lib/ext/nashorn.jar!/" type="simple" />
            <root url="jar:///opt/java/hotspot/jdk8u265-b01/jre/lib/ext/sunec.jar!/" type="simple" />
            <root url="jar:///opt/java/hotspot/jdk8u265-b01/jre/lib/ext/sunjce_provider.jar!/" type="simple" />
            <root url="jar:///opt/java/hotspot/jdk8u265-b01/jre/lib/ext/sunpkcs11.jar!/" type="simple" />
            <root url="jar:///opt/java/hotspot/jdk8u265-b01/jre/lib/ext/zipfs.jar!/" type="simple" />
            <root url="jar:///opt/java/hotspot/jdk8u265-b01/jre/lib/jce.jar!/" type="simple" />
            <root url="jar:///opt/java/hotspot/jdk8u265-b01/jre/lib/jfr.jar!/" type="simple" />
            <root url="jar:///opt/java/hotspot/jdk8u265-b01/jre/lib/jsse.jar!/" type="simple" />
            <root url="jar:///opt/java/hotspot/jdk8u265-b01/jre/lib/management-agent.jar!/" type="simple" />
            <root url="jar:///opt/java/hotspot/jdk8u265-b01/jre/lib/resources.jar!/" type="simple" />
            <root url="jar:///opt/java/hotspot/jdk8u265-b01/jre/lib/rt.jar!/" type="simple" />
          </root>
        </classPath>
        <javadocPath>
          <root type="composite" />
        </javadocPath>
        <sourcePath>
          <root type="composite">
            <root url="jar:///opt/java/hotspot/jdk8u265-b01/src.zip!/" type="simple" />
          </root>
        </sourcePath>
      </roots>
      <additional />
    </jdk>
    <jdk version="2">
      <name value="14" />
      <type value="JavaSDK" />
      <version value="version 14.0.2" />
      <homePath value="/opt/java/hotspot/jdk-14.0.2+12" />
      <roots>
        <annotationsPath>
          <root type="composite">
            <root url="jar://$APPLICATION_HOME_DIR$/plugins/java/lib/jdkAnnotations.jar!/" type="simple" />
          </root>
        </annotationsPath>
        <classPath>
          <root type="composite">
            <root url="jrt:///opt/java/hotspot/jdk-14.0.2+12!/java.base" type="simple" />
            <root url="jrt:///opt/java/hotspot/jdk-14.0.2+12!/java.compiler" type="simple" />
            <root url="jrt:///opt/java/hotspot/jdk-14.0.2+12!/java.datatransfer" type="simple" />
            <root url="jrt:///opt/java/hotspot/jdk-14.0.2+12!/java.desktop" type="simple" />
            <root url="jrt:///opt/java/hotspot/jdk-14.0.2+12!/java.instrument" type="simple" />
            <root url="jrt:///opt/java/hotspot/jdk-14.0.2+12!/java.logging" type="simple" />
            <root url="jrt:///opt/java/hotspot/jdk-14.0.2+12!/java.management" type="simple" />
            <root url="jrt:///opt/java/hotspot/jdk-14.0.2+12!/java.management.rmi" type="simple" />
            <root url="jrt:///opt/java/hotspot/jdk-14.0.2+12!/java.naming" type="simple" />
            <root url="jrt:///opt/java/hotspot/jdk-14.0.2+12!/java.net.http" type="simple" />
            <root url="jrt:///opt/java/hotspot/jdk-14.0.2+12!/java.prefs" type="simple" />
            <root url="jrt:///opt/java/hotspot/jdk-14.0.2+12!/java.rmi" type="simple" />
            <root url="jrt:///opt/java/hotspot/jdk-14.0.2+12!/java.scripting" type="simple" />
            <root url="jrt:///opt/java/hotspot/jdk-14.0.2+12!/java.se" type="simple" />
            <root url="jrt:///opt/java/hotspot/jdk-14.0.2+12!/java.security.jgss" type="simple" />
            <root url="jrt:///opt/java/hotspot/jdk-14.0.2+12!/java.security.sasl" type="simple" />
            <root url="jrt:///opt/java/hotspot/jdk-14.0.2+12!/java.smartcardio" type="simple" />
            <root url="jrt:///opt/java/hotspot/jdk-14.0.2+12!/java.sql" type="simple" />
            <root url="jrt:///opt/java/hotspot/jdk-14.0.2+12!/java.sql.rowset" type="simple" />
            <root url="jrt:///opt/java/hotspot/jdk-14.0.2+12!/java.transaction.xa" type="simple" />
            <root url="jrt:///opt/java/hotspot/jdk-14.0.2+12!/java.xml" type="simple" />
            <root url="jrt:///opt/java/hotspot/jdk-14.0.2+12!/java.xml.crypto" type="simple" />
            <root url="jrt:///opt/java/hotspot/jdk-14.0.2+12!/jdk.accessibility" type="simple" />
            <root url="jrt:///opt/java/hotspot/jdk-14.0.2+12!/jdk.aot" type="simple" />
            <root url="jrt:///opt/java/hotspot/jdk-14.0.2+12!/jdk.attach" type="simple" />
            <root url="jrt:///opt/java/hotspot/jdk-14.0.2+12!/jdk.charsets" type="simple" />
            <root url="jrt:///opt/java/hotspot/jdk-14.0.2+12!/jdk.compiler" type="simple" />
            <root url="jrt:///opt/java/hotspot/jdk-14.0.2+12!/jdk.crypto.cryptoki" type="simple" />
            <root url="jrt:///opt/java/hotspot/jdk-14.0.2+12!/jdk.crypto.ec" type="simple" />
            <root url="jrt:///opt/java/hotspot/jdk-14.0.2+12!/jdk.dynalink" type="simple" />
            <root url="jrt:///opt/java/hotspot/jdk-14.0.2+12!/jdk.editpad" type="simple" />
            <root url="jrt:///opt/java/hotspot/jdk-14.0.2+12!/jdk.hotspot.agent" type="simple" />
            <root url="jrt:///opt/java/hotspot/jdk-14.0.2+12!/jdk.httpserver" type="simple" />
            <root url="jrt:///opt/java/hotspot/jdk-14.0.2+12!/jdk.incubator.foreign" type="simple" />
            <root url="jrt:///opt/java/hotspot/jdk-14.0.2+12!/jdk.incubator.jpackage" type="simple" />
            <root url="jrt:///opt/java/hotspot/jdk-14.0.2+12!/jdk.internal.ed" type="simple" />
            <root url="jrt:///opt/java/hotspot/jdk-14.0.2+12!/jdk.internal.jvmstat" type="simple" />
            <root url="jrt:///opt/java/hotspot/jdk-14.0.2+12!/jdk.internal.le" type="simple" />
            <root url="jrt:///opt/java/hotspot/jdk-14.0.2+12!/jdk.internal.opt" type="simple" />
            <root url="jrt:///opt/java/hotspot/jdk-14.0.2+12!/jdk.internal.vm.ci" type="simple" />
            <root url="jrt:///opt/java/hotspot/jdk-14.0.2+12!/jdk.internal.vm.compiler" type="simple" />
            <root url="jrt:///opt/java/hotspot/jdk-14.0.2+12!/jdk.internal.vm.compiler.management" type="simple" />
            <root url="jrt:///opt/java/hotspot/jdk-14.0.2+12!/jdk.jartool" type="simple" />
            <root url="jrt:///opt/java/hotspot/jdk-14.0.2+12!/jdk.javadoc" type="simple" />
            <root url="jrt:///opt/java/hotspot/jdk-14.0.2+12!/jdk.jcmd" type="simple" />
            <root url="jrt:///opt/java/hotspot/jdk-14.0.2+12!/jdk.jconsole" type="simple" />
            <root url="jrt:///opt/java/hotspot/jdk-14.0.2+12!/jdk.jdeps" type="simple" />
            <root url="jrt:///opt/java/hotspot/jdk-14.0.2+12!/jdk.jdi" type="simple" />
            <root url="jrt:///opt/java/hotspot/jdk-14.0.2+12!/jdk.jdwp.agent" type="simple" />
            <root url="jrt:///opt/java/hotspot/jdk-14.0.2+12!/jdk.jfr" type="simple" />
            <root url="jrt:///opt/java/hotspot/jdk-14.0.2+12!/jdk.jlink" type="simple" />
            <root url="jrt:///opt/java/hotspot/jdk-14.0.2+12!/jdk.jshell" type="simple" />
            <root url="jrt:///opt/java/hotspot/jdk-14.0.2+12!/jdk.jsobject" type="simple" />
            <root url="jrt:///opt/java/hotspot/jdk-14.0.2+12!/jdk.jstatd" type="simple" />
            <root url="jrt:///opt/java/hotspot/jdk-14.0.2+12!/jdk.localedata" type="simple" />
            <root url="jrt:///opt/java/hotspot/jdk-14.0.2+12!/jdk.management" type="simple" />
            <root url="jrt:///opt/java/hotspot/jdk-14.0.2+12!/jdk.management.agent" type="simple" />
            <root url="jrt:///opt/java/hotspot/jdk-14.0.2+12!/jdk.management.jfr" type="simple" />
            <root url="jrt:///opt/java/hotspot/jdk-14.0.2+12!/jdk.naming.dns" type="simple" />
            <root url="jrt:///opt/java/hotspot/jdk-14.0.2+12!/jdk.naming.rmi" type="simple" />
            <root url="jrt:///opt/java/hotspot/jdk-14.0.2+12!/jdk.net" type="simple" />
            <root url="jrt:///opt/java/hotspot/jdk-14.0.2+12!/jdk.nio.mapmode" type="simple" />
            <root url="jrt:///opt/java/hotspot/jdk-14.0.2+12!/jdk.rmic" type="simple" />
            <root url="jrt:///opt/java/hotspot/jdk-14.0.2+12!/jdk.scripting.nashorn" type="simple" />
            <root url="jrt:///opt/java/hotspot/jdk-14.0.2+12!/jdk.scripting.nashorn.shell" type="simple" />
            <root url="jrt:///opt/java/hotspot/jdk-14.0.2+12!/jdk.sctp" type="simple" />
            <root url="jrt:///opt/java/hotspot/jdk-14.0.2+12!/jdk.security.auth" type="simple" />
            <root url="jrt:///opt/java/hotspot/jdk-14.0.2+12!/jdk.security.jgss" type="simple" />
            <root url="jrt:///opt/java/hotspot/jdk-14.0.2+12!/jdk.unsupported" type="simple" />
            <root url="jrt:///opt/java/hotspot/jdk-14.0.2+12!/jdk.unsupported.desktop" type="simple" />
            <root url="jrt:///opt/java/hotspot/jdk-14.0.2+12!/jdk.xml.dom" type="simple" />
            <root url="jrt:///opt/java/hotspot/jdk-14.0.2+12!/jdk.zipfs" type="simple" />
          </root>
        </classPath>
        <javadocPath>
          <root type="composite" />
        </javadocPath>
        <sourcePath>
          <root type="composite">
            <root url="jar:///opt/java/hotspot/jdk-14.0.2+12/lib/src.zip!/java.se" type="simple" />
            <root url="jar:///opt/java/hotspot/jdk-14.0.2+12/lib/src.zip!/jdk.aot" type="simple" />
            <root url="jar:///opt/java/hotspot/jdk-14.0.2+12/lib/src.zip!/jdk.jdi" type="simple" />
            <root url="jar:///opt/java/hotspot/jdk-14.0.2+12/lib/src.zip!/jdk.jfr" type="simple" />
            <root url="jar:///opt/java/hotspot/jdk-14.0.2+12/lib/src.zip!/jdk.net" type="simple" />
            <root url="jar:///opt/java/hotspot/jdk-14.0.2+12/lib/src.zip!/java.rmi" type="simple" />
            <root url="jar:///opt/java/hotspot/jdk-14.0.2+12/lib/src.zip!/java.sql" type="simple" />
            <root url="jar:///opt/java/hotspot/jdk-14.0.2+12/lib/src.zip!/java.xml" type="simple" />
            <root url="jar:///opt/java/hotspot/jdk-14.0.2+12/lib/src.zip!/jdk.jcmd" type="simple" />
            <root url="jar:///opt/java/hotspot/jdk-14.0.2+12/lib/src.zip!/jdk.rmic" type="simple" />
            <root url="jar:///opt/java/hotspot/jdk-14.0.2+12/lib/src.zip!/jdk.sctp" type="simple" />
            <root url="jar:///opt/java/hotspot/jdk-14.0.2+12/lib/src.zip!/java.base" type="simple" />
            <root url="jar:///opt/java/hotspot/jdk-14.0.2+12/lib/src.zip!/jdk.jdeps" type="simple" />
            <root url="jar:///opt/java/hotspot/jdk-14.0.2+12/lib/src.zip!/jdk.jlink" type="simple" />
            <root url="jar:///opt/java/hotspot/jdk-14.0.2+12/lib/src.zip!/jdk.zipfs" type="simple" />
            <root url="jar:///opt/java/hotspot/jdk-14.0.2+12/lib/src.zip!/java.prefs" type="simple" />
            <root url="jar:///opt/java/hotspot/jdk-14.0.2+12/lib/src.zip!/jdk.attach" type="simple" />
            <root url="jar:///opt/java/hotspot/jdk-14.0.2+12/lib/src.zip!/jdk.jshell" type="simple" />
            <root url="jar:///opt/java/hotspot/jdk-14.0.2+12/lib/src.zip!/jdk.jstatd" type="simple" />
            <root url="jar:///opt/java/hotspot/jdk-14.0.2+12/lib/src.zip!/java.naming" type="simple" />
            <root url="jar:///opt/java/hotspot/jdk-14.0.2+12/lib/src.zip!/jdk.editpad" type="simple" />
            <root url="jar:///opt/java/hotspot/jdk-14.0.2+12/lib/src.zip!/jdk.jartool" type="simple" />
            <root url="jar:///opt/java/hotspot/jdk-14.0.2+12/lib/src.zip!/jdk.javadoc" type="simple" />
            <root url="jar:///opt/java/hotspot/jdk-14.0.2+12/lib/src.zip!/jdk.xml.dom" type="simple" />
            <root url="jar:///opt/java/hotspot/jdk-14.0.2+12/lib/src.zip!/java.desktop" type="simple" />
            <root url="jar:///opt/java/hotspot/jdk-14.0.2+12/lib/src.zip!/java.logging" type="simple" />
            <root url="jar:///opt/java/hotspot/jdk-14.0.2+12/lib/src.zip!/jdk.charsets" type="simple" />
            <root url="jar:///opt/java/hotspot/jdk-14.0.2+12/lib/src.zip!/jdk.compiler" type="simple" />
            <root url="jar:///opt/java/hotspot/jdk-14.0.2+12/lib/src.zip!/jdk.dynalink" type="simple" />
            <root url="jar:///opt/java/hotspot/jdk-14.0.2+12/lib/src.zip!/jdk.jconsole" type="simple" />
            <root url="jar:///opt/java/hotspot/jdk-14.0.2+12/lib/src.zip!/jdk.jsobject" type="simple" />
            <root url="jar:///opt/java/hotspot/jdk-14.0.2+12/lib/src.zip!/java.compiler" type="simple" />
            <root url="jar:///opt/java/hotspot/jdk-14.0.2+12/lib/src.zip!/java.net.http" type="simple" />
            <root url="jar:///opt/java/hotspot/jdk-14.0.2+12/lib/src.zip!/jdk.crypto.ec" type="simple" />
            <root url="jar:///opt/java/hotspot/jdk-14.0.2+12/lib/src.zip!/java.scripting" type="simple" />
            <root url="jar:///opt/java/hotspot/jdk-14.0.2+12/lib/src.zip!/jdk.httpserver" type="simple" />
            <root url="jar:///opt/java/hotspot/jdk-14.0.2+12/lib/src.zip!/jdk.jdwp.agent" type="simple" />
            <root url="jar:///opt/java/hotspot/jdk-14.0.2+12/lib/src.zip!/jdk.localedata" type="simple" />
            <root url="jar:///opt/java/hotspot/jdk-14.0.2+12/lib/src.zip!/jdk.management" type="simple" />
            <root url="jar:///opt/java/hotspot/jdk-14.0.2+12/lib/src.zip!/jdk.naming.dns" type="simple" />
            <root url="jar:///opt/java/hotspot/jdk-14.0.2+12/lib/src.zip!/jdk.naming.rmi" type="simple" />
            <root url="jar:///opt/java/hotspot/jdk-14.0.2+12/lib/src.zip!/java.instrument" type="simple" />
            <root url="jar:///opt/java/hotspot/jdk-14.0.2+12/lib/src.zip!/java.management" type="simple" />
            <root url="jar:///opt/java/hotspot/jdk-14.0.2+12/lib/src.zip!/java.sql.rowset" type="simple" />
            <root url="jar:///opt/java/hotspot/jdk-14.0.2+12/lib/src.zip!/java.xml.crypto" type="simple" />
            <root url="jar:///opt/java/hotspot/jdk-14.0.2+12/lib/src.zip!/jdk.internal.ed" type="simple" />
            <root url="jar:///opt/java/hotspot/jdk-14.0.2+12/lib/src.zip!/jdk.internal.le" type="simple" />
            <root url="jar:///opt/java/hotspot/jdk-14.0.2+12/lib/src.zip!/jdk.nio.mapmode" type="simple" />
            <root url="jar:///opt/java/hotspot/jdk-14.0.2+12/lib/src.zip!/jdk.unsupported" type="simple" />
            <root url="jar:///opt/java/hotspot/jdk-14.0.2+12/lib/src.zip!/java.smartcardio" type="simple" />
            <root url="jar:///opt/java/hotspot/jdk-14.0.2+12/lib/src.zip!/jdk.internal.opt" type="simple" />
            <root url="jar:///opt/java/hotspot/jdk-14.0.2+12/lib/src.zip!/java.datatransfer" type="simple" />
            <root url="jar:///opt/java/hotspot/jdk-14.0.2+12/lib/src.zip!/jdk.accessibility" type="simple" />
            <root url="jar:///opt/java/hotspot/jdk-14.0.2+12/lib/src.zip!/jdk.hotspot.agent" type="simple" />
            <root url="jar:///opt/java/hotspot/jdk-14.0.2+12/lib/src.zip!/jdk.security.auth" type="simple" />
            <root url="jar:///opt/java/hotspot/jdk-14.0.2+12/lib/src.zip!/jdk.security.jgss" type="simple" />
            <root url="jar:///opt/java/hotspot/jdk-14.0.2+12/lib/src.zip!/java.security.jgss" type="simple" />
            <root url="jar:///opt/java/hotspot/jdk-14.0.2+12/lib/src.zip!/java.security.sasl" type="simple" />
            <root url="jar:///opt/java/hotspot/jdk-14.0.2+12/lib/src.zip!/jdk.internal.vm.ci" type="simple" />
            <root url="jar:///opt/java/hotspot/jdk-14.0.2+12/lib/src.zip!/jdk.management.jfr" type="simple" />
            <root url="jar:///opt/java/hotspot/jdk-14.0.2+12/lib/src.zip!/java.management.rmi" type="simple" />
            <root url="jar:///opt/java/hotspot/jdk-14.0.2+12/lib/src.zip!/java.transaction.xa" type="simple" />
            <root url="jar:///opt/java/hotspot/jdk-14.0.2+12/lib/src.zip!/jdk.crypto.cryptoki" type="simple" />
            <root url="jar:///opt/java/hotspot/jdk-14.0.2+12/lib/src.zip!/jdk.internal.jvmstat" type="simple" />
            <root url="jar:///opt/java/hotspot/jdk-14.0.2+12/lib/src.zip!/jdk.management.agent" type="simple" />
            <root url="jar:///opt/java/hotspot/jdk-14.0.2+12/lib/src.zip!/jdk.incubator.foreign" type="simple" />
            <root url="jar:///opt/java/hotspot/jdk-14.0.2+12/lib/src.zip!/jdk.scripting.nashorn" type="simple" />
            <root url="jar:///opt/java/hotspot/jdk-14.0.2+12/lib/src.zip!/jdk.incubator.jpackage" type="simple" />
            <root url="jar:///opt/java/hotspot/jdk-14.0.2+12/lib/src.zip!/jdk.unsupported.desktop" type="simple" />
            <root url="jar:///opt/java/hotspot/jdk-14.0.2+12/lib/src.zip!/jdk.internal.vm.compiler" type="simple" />
            <root url="jar:///opt/java/hotspot/jdk-14.0.2+12/lib/src.zip!/jdk.scripting.nashorn.shell" type="simple" />
            <root url="jar:///opt/java/hotspot/jdk-14.0.2+12/lib/src.zip!/jdk.internal.vm.compiler.management" type="simple" />
          </root>
        </sourcePath>
      </roots>
      <additional />
    </jdk>
    <jdk version="2">
      <name value="11" />
      <type value="JavaSDK" />
      <version value="version 11.0.8" />
      <homePath value="/opt/java/hotspot/jdk-11.0.8+10" />
      <roots>
        <annotationsPath>
          <root type="composite">
            <root url="jar://$APPLICATION_HOME_DIR$/plugins/java/lib/jdkAnnotations.jar!/" type="simple" />
          </root>
        </annotationsPath>
        <classPath>
          <root type="composite">
            <root url="jrt:///opt/java/hotspot/jdk-11.0.8+10!/java.base" type="simple" />
            <root url="jrt:///opt/java/hotspot/jdk-11.0.8+10!/java.compiler" type="simple" />
            <root url="jrt:///opt/java/hotspot/jdk-11.0.8+10!/java.datatransfer" type="simple" />
            <root url="jrt:///opt/java/hotspot/jdk-11.0.8+10!/java.desktop" type="simple" />
            <root url="jrt:///opt/java/hotspot/jdk-11.0.8+10!/java.instrument" type="simple" />
            <root url="jrt:///opt/java/hotspot/jdk-11.0.8+10!/java.logging" type="simple" />
            <root url="jrt:///opt/java/hotspot/jdk-11.0.8+10!/java.management" type="simple" />
            <root url="jrt:///opt/java/hotspot/jdk-11.0.8+10!/java.management.rmi" type="simple" />
            <root url="jrt:///opt/java/hotspot/jdk-11.0.8+10!/java.naming" type="simple" />
            <root url="jrt:///opt/java/hotspot/jdk-11.0.8+10!/java.net.http" type="simple" />
            <root url="jrt:///opt/java/hotspot/jdk-11.0.8+10!/java.prefs" type="simple" />
            <root url="jrt:///opt/java/hotspot/jdk-11.0.8+10!/java.rmi" type="simple" />
            <root url="jrt:///opt/java/hotspot/jdk-11.0.8+10!/java.scripting" type="simple" />
            <root url="jrt:///opt/java/hotspot/jdk-11.0.8+10!/java.se" type="simple" />
            <root url="jrt:///opt/java/hotspot/jdk-11.0.8+10!/java.security.jgss" type="simple" />
            <root url="jrt:///opt/java/hotspot/jdk-11.0.8+10!/java.security.sasl" type="simple" />
            <root url="jrt:///opt/java/hotspot/jdk-11.0.8+10!/java.smartcardio" type="simple" />
            <root url="jrt:///opt/java/hotspot/jdk-11.0.8+10!/java.sql" type="simple" />
            <root url="jrt:///opt/java/hotspot/jdk-11.0.8+10!/java.sql.rowset" type="simple" />
            <root url="jrt:///opt/java/hotspot/jdk-11.0.8+10!/java.transaction.xa" type="simple" />
            <root url="jrt:///opt/java/hotspot/jdk-11.0.8+10!/java.xml" type="simple" />
            <root url="jrt:///opt/java/hotspot/jdk-11.0.8+10!/java.xml.crypto" type="simple" />
            <root url="jrt:///opt/java/hotspot/jdk-11.0.8+10!/jdk.accessibility" type="simple" />
            <root url="jrt:///opt/java/hotspot/jdk-11.0.8+10!/jdk.aot" type="simple" />
            <root url="jrt:///opt/java/hotspot/jdk-11.0.8+10!/jdk.attach" type="simple" />
            <root url="jrt:///opt/java/hotspot/jdk-11.0.8+10!/jdk.charsets" type="simple" />
            <root url="jrt:///opt/java/hotspot/jdk-11.0.8+10!/jdk.compiler" type="simple" />
            <root url="jrt:///opt/java/hotspot/jdk-11.0.8+10!/jdk.crypto.cryptoki" type="simple" />
            <root url="jrt:///opt/java/hotspot/jdk-11.0.8+10!/jdk.crypto.ec" type="simple" />
            <root url="jrt:///opt/java/hotspot/jdk-11.0.8+10!/jdk.dynalink" type="simple" />
            <root url="jrt:///opt/java/hotspot/jdk-11.0.8+10!/jdk.editpad" type="simple" />
            <root url="jrt:///opt/java/hotspot/jdk-11.0.8+10!/jdk.hotspot.agent" type="simple" />
            <root url="jrt:///opt/java/hotspot/jdk-11.0.8+10!/jdk.httpserver" type="simple" />
            <root url="jrt:///opt/java/hotspot/jdk-11.0.8+10!/jdk.internal.ed" type="simple" />
            <root url="jrt:///opt/java/hotspot/jdk-11.0.8+10!/jdk.internal.jvmstat" type="simple" />
            <root url="jrt:///opt/java/hotspot/jdk-11.0.8+10!/jdk.internal.le" type="simple" />
            <root url="jrt:///opt/java/hotspot/jdk-11.0.8+10!/jdk.internal.opt" type="simple" />
            <root url="jrt:///opt/java/hotspot/jdk-11.0.8+10!/jdk.internal.vm.ci" type="simple" />
            <root url="jrt:///opt/java/hotspot/jdk-11.0.8+10!/jdk.internal.vm.compiler" type="simple" />
            <root url="jrt:///opt/java/hotspot/jdk-11.0.8+10!/jdk.internal.vm.compiler.management" type="simple" />
            <root url="jrt:///opt/java/hotspot/jdk-11.0.8+10!/jdk.jartool" type="simple" />
            <root url="jrt:///opt/java/hotspot/jdk-11.0.8+10!/jdk.javadoc" type="simple" />
            <root url="jrt:///opt/java/hotspot/jdk-11.0.8+10!/jdk.jcmd" type="simple" />
            <root url="jrt:///opt/java/hotspot/jdk-11.0.8+10!/jdk.jconsole" type="simple" />
            <root url="jrt:///opt/java/hotspot/jdk-11.0.8+10!/jdk.jdeps" type="simple" />
            <root url="jrt:///opt/java/hotspot/jdk-11.0.8+10!/jdk.jdi" type="simple" />
            <root url="jrt:///opt/java/hotspot/jdk-11.0.8+10!/jdk.jdwp.agent" type="simple" />
            <root url="jrt:///opt/java/hotspot/jdk-11.0.8+10!/jdk.jfr" type="simple" />
            <root url="jrt:///opt/java/hotspot/jdk-11.0.8+10!/jdk.jlink" type="simple" />
            <root url="jrt:///opt/java/hotspot/jdk-11.0.8+10!/jdk.jshell" type="simple" />
            <root url="jrt:///opt/java/hotspot/jdk-11.0.8+10!/jdk.jsobject" type="simple" />
            <root url="jrt:///opt/java/hotspot/jdk-11.0.8+10!/jdk.jstatd" type="simple" />
            <root url="jrt:///opt/java/hotspot/jdk-11.0.8+10!/jdk.localedata" type="simple" />
            <root url="jrt:///opt/java/hotspot/jdk-11.0.8+10!/jdk.management" type="simple" />
            <root url="jrt:///opt/java/hotspot/jdk-11.0.8+10!/jdk.management.agent" type="simple" />
            <root url="jrt:///opt/java/hotspot/jdk-11.0.8+10!/jdk.management.jfr" type="simple" />
            <root url="jrt:///opt/java/hotspot/jdk-11.0.8+10!/jdk.naming.dns" type="simple" />
            <root url="jrt:///opt/java/hotspot/jdk-11.0.8+10!/jdk.naming.rmi" type="simple" />
            <root url="jrt:///opt/java/hotspot/jdk-11.0.8+10!/jdk.net" type="simple" />
            <root url="jrt:///opt/java/hotspot/jdk-11.0.8+10!/jdk.pack" type="simple" />
            <root url="jrt:///opt/java/hotspot/jdk-11.0.8+10!/jdk.rmic" type="simple" />
            <root url="jrt:///opt/java/hotspot/jdk-11.0.8+10!/jdk.scripting.nashorn" type="simple" />
            <root url="jrt:///opt/java/hotspot/jdk-11.0.8+10!/jdk.scripting.nashorn.shell" type="simple" />
            <root url="jrt:///opt/java/hotspot/jdk-11.0.8+10!/jdk.sctp" type="simple" />
            <root url="jrt:///opt/java/hotspot/jdk-11.0.8+10!/jdk.security.auth" type="simple" />
            <root url="jrt:///opt/java/hotspot/jdk-11.0.8+10!/jdk.security.jgss" type="simple" />
            <root url="jrt:///opt/java/hotspot/jdk-11.0.8+10!/jdk.unsupported" type="simple" />
            <root url="jrt:///opt/java/hotspot/jdk-11.0.8+10!/jdk.unsupported.desktop" type="simple" />
            <root url="jrt:///opt/java/hotspot/jdk-11.0.8+10!/jdk.xml.dom" type="simple" />
            <root url="jrt:///opt/java/hotspot/jdk-11.0.8+10!/jdk.zipfs" type="simple" />
          </root>
        </classPath>
        <javadocPath>
          <root type="composite" />
        </javadocPath>
        <sourcePath>
          <root type="composite">
            <root url="jar:///opt/java/hotspot/jdk-11.0.8+10/lib/src.zip!/java.se" type="simple" />
            <root url="jar:///opt/java/hotspot/jdk-11.0.8+10/lib/src.zip!/jdk.aot" type="simple" />
            <root url="jar:///opt/java/hotspot/jdk-11.0.8+10/lib/src.zip!/jdk.jdi" type="simple" />
            <root url="jar:///opt/java/hotspot/jdk-11.0.8+10/lib/src.zip!/jdk.jfr" type="simple" />
            <root url="jar:///opt/java/hotspot/jdk-11.0.8+10/lib/src.zip!/jdk.net" type="simple" />
            <root url="jar:///opt/java/hotspot/jdk-11.0.8+10/lib/src.zip!/java.rmi" type="simple" />
            <root url="jar:///opt/java/hotspot/jdk-11.0.8+10/lib/src.zip!/java.sql" type="simple" />
            <root url="jar:///opt/java/hotspot/jdk-11.0.8+10/lib/src.zip!/java.xml" type="simple" />
            <root url="jar:///opt/java/hotspot/jdk-11.0.8+10/lib/src.zip!/jdk.jcmd" type="simple" />
            <root url="jar:///opt/java/hotspot/jdk-11.0.8+10/lib/src.zip!/jdk.pack" type="simple" />
            <root url="jar:///opt/java/hotspot/jdk-11.0.8+10/lib/src.zip!/jdk.rmic" type="simple" />
            <root url="jar:///opt/java/hotspot/jdk-11.0.8+10/lib/src.zip!/jdk.sctp" type="simple" />
            <root url="jar:///opt/java/hotspot/jdk-11.0.8+10/lib/src.zip!/java.base" type="simple" />
            <root url="jar:///opt/java/hotspot/jdk-11.0.8+10/lib/src.zip!/jdk.jdeps" type="simple" />
            <root url="jar:///opt/java/hotspot/jdk-11.0.8+10/lib/src.zip!/jdk.jlink" type="simple" />
            <root url="jar:///opt/java/hotspot/jdk-11.0.8+10/lib/src.zip!/jdk.zipfs" type="simple" />
            <root url="jar:///opt/java/hotspot/jdk-11.0.8+10/lib/src.zip!/java.prefs" type="simple" />
            <root url="jar:///opt/java/hotspot/jdk-11.0.8+10/lib/src.zip!/jdk.attach" type="simple" />
            <root url="jar:///opt/java/hotspot/jdk-11.0.8+10/lib/src.zip!/jdk.jshell" type="simple" />
            <root url="jar:///opt/java/hotspot/jdk-11.0.8+10/lib/src.zip!/jdk.jstatd" type="simple" />
            <root url="jar:///opt/java/hotspot/jdk-11.0.8+10/lib/src.zip!/java.naming" type="simple" />
            <root url="jar:///opt/java/hotspot/jdk-11.0.8+10/lib/src.zip!/jdk.editpad" type="simple" />
            <root url="jar:///opt/java/hotspot/jdk-11.0.8+10/lib/src.zip!/jdk.jartool" type="simple" />
            <root url="jar:///opt/java/hotspot/jdk-11.0.8+10/lib/src.zip!/jdk.javadoc" type="simple" />
            <root url="jar:///opt/java/hotspot/jdk-11.0.8+10/lib/src.zip!/jdk.xml.dom" type="simple" />
            <root url="jar:///opt/java/hotspot/jdk-11.0.8+10/lib/src.zip!/java.desktop" type="simple" />
            <root url="jar:///opt/java/hotspot/jdk-11.0.8+10/lib/src.zip!/java.logging" type="simple" />
            <root url="jar:///opt/java/hotspot/jdk-11.0.8+10/lib/src.zip!/jdk.charsets" type="simple" />
            <root url="jar:///opt/java/hotspot/jdk-11.0.8+10/lib/src.zip!/jdk.compiler" type="simple" />
            <root url="jar:///opt/java/hotspot/jdk-11.0.8+10/lib/src.zip!/jdk.dynalink" type="simple" />
            <root url="jar:///opt/java/hotspot/jdk-11.0.8+10/lib/src.zip!/jdk.jconsole" type="simple" />
            <root url="jar:///opt/java/hotspot/jdk-11.0.8+10/lib/src.zip!/jdk.jsobject" type="simple" />
            <root url="jar:///opt/java/hotspot/jdk-11.0.8+10/lib/src.zip!/java.compiler" type="simple" />
            <root url="jar:///opt/java/hotspot/jdk-11.0.8+10/lib/src.zip!/java.net.http" type="simple" />
            <root url="jar:///opt/java/hotspot/jdk-11.0.8+10/lib/src.zip!/jdk.crypto.ec" type="simple" />
            <root url="jar:///opt/java/hotspot/jdk-11.0.8+10/lib/src.zip!/java.scripting" type="simple" />
            <root url="jar:///opt/java/hotspot/jdk-11.0.8+10/lib/src.zip!/jdk.httpserver" type="simple" />
            <root url="jar:///opt/java/hotspot/jdk-11.0.8+10/lib/src.zip!/jdk.jdwp.agent" type="simple" />
            <root url="jar:///opt/java/hotspot/jdk-11.0.8+10/lib/src.zip!/jdk.localedata" type="simple" />
            <root url="jar:///opt/java/hotspot/jdk-11.0.8+10/lib/src.zip!/jdk.management" type="simple" />
            <root url="jar:///opt/java/hotspot/jdk-11.0.8+10/lib/src.zip!/jdk.naming.dns" type="simple" />
            <root url="jar:///opt/java/hotspot/jdk-11.0.8+10/lib/src.zip!/jdk.naming.rmi" type="simple" />
            <root url="jar:///opt/java/hotspot/jdk-11.0.8+10/lib/src.zip!/java.instrument" type="simple" />
            <root url="jar:///opt/java/hotspot/jdk-11.0.8+10/lib/src.zip!/java.management" type="simple" />
            <root url="jar:///opt/java/hotspot/jdk-11.0.8+10/lib/src.zip!/java.sql.rowset" type="simple" />
            <root url="jar:///opt/java/hotspot/jdk-11.0.8+10/lib/src.zip!/java.xml.crypto" type="simple" />
            <root url="jar:///opt/java/hotspot/jdk-11.0.8+10/lib/src.zip!/jdk.internal.ed" type="simple" />
            <root url="jar:///opt/java/hotspot/jdk-11.0.8+10/lib/src.zip!/jdk.internal.le" type="simple" />
            <root url="jar:///opt/java/hotspot/jdk-11.0.8+10/lib/src.zip!/jdk.unsupported" type="simple" />
            <root url="jar:///opt/java/hotspot/jdk-11.0.8+10/lib/src.zip!/java.smartcardio" type="simple" />
            <root url="jar:///opt/java/hotspot/jdk-11.0.8+10/lib/src.zip!/jdk.internal.opt" type="simple" />
            <root url="jar:///opt/java/hotspot/jdk-11.0.8+10/lib/src.zip!/java.datatransfer" type="simple" />
            <root url="jar:///opt/java/hotspot/jdk-11.0.8+10/lib/src.zip!/jdk.accessibility" type="simple" />
            <root url="jar:///opt/java/hotspot/jdk-11.0.8+10/lib/src.zip!/jdk.hotspot.agent" type="simple" />
            <root url="jar:///opt/java/hotspot/jdk-11.0.8+10/lib/src.zip!/jdk.security.auth" type="simple" />
            <root url="jar:///opt/java/hotspot/jdk-11.0.8+10/lib/src.zip!/jdk.security.jgss" type="simple" />
            <root url="jar:///opt/java/hotspot/jdk-11.0.8+10/lib/src.zip!/java.security.jgss" type="simple" />
            <root url="jar:///opt/java/hotspot/jdk-11.0.8+10/lib/src.zip!/java.security.sasl" type="simple" />
            <root url="jar:///opt/java/hotspot/jdk-11.0.8+10/lib/src.zip!/jdk.internal.vm.ci" type="simple" />
            <root url="jar:///opt/java/hotspot/jdk-11.0.8+10/lib/src.zip!/jdk.management.jfr" type="simple" />
            <root url="jar:///opt/java/hotspot/jdk-11.0.8+10/lib/src.zip!/java.management.rmi" type="simple" />
            <root url="jar:///opt/java/hotspot/jdk-11.0.8+10/lib/src.zip!/java.transaction.xa" type="simple" />
            <root url="jar:///opt/java/hotspot/jdk-11.0.8+10/lib/src.zip!/jdk.crypto.cryptoki" type="simple" />
            <root url="jar:///opt/java/hotspot/jdk-11.0.8+10/lib/src.zip!/jdk.internal.jvmstat" type="simple" />
            <root url="jar:///opt/java/hotspot/jdk-11.0.8+10/lib/src.zip!/jdk.management.agent" type="simple" />
            <root url="jar:///opt/java/hotspot/jdk-11.0.8+10/lib/src.zip!/jdk.scripting.nashorn" type="simple" />
            <root url="jar:///opt/java/hotspot/jdk-11.0.8+10/lib/src.zip!/jdk.unsupported.desktop" type="simple" />
            <root url="jar:///opt/java/hotspot/jdk-11.0.8+10/lib/src.zip!/jdk.internal.vm.compiler" type="simple" />
            <root url="jar:///opt/java/hotspot/jdk-11.0.8+10/lib/src.zip!/jdk.scripting.nashorn.shell" type="simple" />
            <root url="jar:///opt/java/hotspot/jdk-11.0.8+10/lib/src.zip!/jdk.internal.vm.compiler.management" type="simple" />
          </root>
        </sourcePath>
      </roots>
      <additional />
    </jdk>
    <jdk version="2">
      <name value="Kotlin SDK" />
      <type value="KotlinSDK" />
      <version value="1.4.10" />
      <homePath value="$KOTLIN_BUNDLED$" />
      <roots>
        <annotationsPath>
          <root type="composite" />
        </annotationsPath>
        <classPath>
          <root type="composite" />
        </classPath>
        <javadocPath>
          <root type="composite" />
        </javadocPath>
        <sourcePath>
          <root type="composite" />
        </sourcePath>
      </roots>
      <additional />
    </jdk>
    <jdk version="2">
      <name value="15" />
      <type value="JavaSDK" />
      <version value="version 15" />
      <homePath value="/opt/java/hotspot/jdk-15+36" />
      <roots>
        <annotationsPath>
          <root type="composite">
            <root url="jar://$APPLICATION_HOME_DIR$/plugins/java/lib/jdkAnnotations.jar!/" type="simple" />
          </root>
        </annotationsPath>
        <classPath>
          <root type="composite">
            <root url="jrt:///opt/java/hotspot/jdk-15+36!/java.base" type="simple" />
            <root url="jrt:///opt/java/hotspot/jdk-15+36!/java.compiler" type="simple" />
            <root url="jrt:///opt/java/hotspot/jdk-15+36!/java.datatransfer" type="simple" />
            <root url="jrt:///opt/java/hotspot/jdk-15+36!/java.desktop" type="simple" />
            <root url="jrt:///opt/java/hotspot/jdk-15+36!/java.instrument" type="simple" />
            <root url="jrt:///opt/java/hotspot/jdk-15+36!/java.logging" type="simple" />
            <root url="jrt:///opt/java/hotspot/jdk-15+36!/java.management" type="simple" />
            <root url="jrt:///opt/java/hotspot/jdk-15+36!/java.management.rmi" type="simple" />
            <root url="jrt:///opt/java/hotspot/jdk-15+36!/java.naming" type="simple" />
            <root url="jrt:///opt/java/hotspot/jdk-15+36!/java.net.http" type="simple" />
            <root url="jrt:///opt/java/hotspot/jdk-15+36!/java.prefs" type="simple" />
            <root url="jrt:///opt/java/hotspot/jdk-15+36!/java.rmi" type="simple" />
            <root url="jrt:///opt/java/hotspot/jdk-15+36!/java.scripting" type="simple" />
            <root url="jrt:///opt/java/hotspot/jdk-15+36!/java.se" type="simple" />
            <root url="jrt:///opt/java/hotspot/jdk-15+36!/java.security.jgss" type="simple" />
            <root url="jrt:///opt/java/hotspot/jdk-15+36!/java.security.sasl" type="simple" />
            <root url="jrt:///opt/java/hotspot/jdk-15+36!/java.smartcardio" type="simple" />
            <root url="jrt:///opt/java/hotspot/jdk-15+36!/java.sql" type="simple" />
            <root url="jrt:///opt/java/hotspot/jdk-15+36!/java.sql.rowset" type="simple" />
            <root url="jrt:///opt/java/hotspot/jdk-15+36!/java.transaction.xa" type="simple" />
            <root url="jrt:///opt/java/hotspot/jdk-15+36!/java.xml" type="simple" />
            <root url="jrt:///opt/java/hotspot/jdk-15+36!/java.xml.crypto" type="simple" />
            <root url="jrt:///opt/java/hotspot/jdk-15+36!/jdk.accessibility" type="simple" />
            <root url="jrt:///opt/java/hotspot/jdk-15+36!/jdk.aot" type="simple" />
            <root url="jrt:///opt/java/hotspot/jdk-15+36!/jdk.attach" type="simple" />
            <root url="jrt:///opt/java/hotspot/jdk-15+36!/jdk.charsets" type="simple" />
            <root url="jrt:///opt/java/hotspot/jdk-15+36!/jdk.compiler" type="simple" />
            <root url="jrt:///opt/java/hotspot/jdk-15+36!/jdk.crypto.cryptoki" type="simple" />
            <root url="jrt:///opt/java/hotspot/jdk-15+36!/jdk.crypto.ec" type="simple" />
            <root url="jrt:///opt/java/hotspot/jdk-15+36!/jdk.dynalink" type="simple" />
            <root url="jrt:///opt/java/hotspot/jdk-15+36!/jdk.editpad" type="simple" />
            <root url="jrt:///opt/java/hotspot/jdk-15+36!/jdk.hotspot.agent" type="simple" />
            <root url="jrt:///opt/java/hotspot/jdk-15+36!/jdk.httpserver" type="simple" />
            <root url="jrt:///opt/java/hotspot/jdk-15+36!/jdk.incubator.foreign" type="simple" />
            <root url="jrt:///opt/java/hotspot/jdk-15+36!/jdk.incubator.jpackage" type="simple" />
            <root url="jrt:///opt/java/hotspot/jdk-15+36!/jdk.internal.ed" type="simple" />
            <root url="jrt:///opt/java/hotspot/jdk-15+36!/jdk.internal.jvmstat" type="simple" />
            <root url="jrt:///opt/java/hotspot/jdk-15+36!/jdk.internal.le" type="simple" />
            <root url="jrt:///opt/java/hotspot/jdk-15+36!/jdk.internal.opt" type="simple" />
            <root url="jrt:///opt/java/hotspot/jdk-15+36!/jdk.internal.vm.ci" type="simple" />
            <root url="jrt:///opt/java/hotspot/jdk-15+36!/jdk.internal.vm.compiler" type="simple" />
            <root url="jrt:///opt/java/hotspot/jdk-15+36!/jdk.internal.vm.compiler.management" type="simple" />
            <root url="jrt:///opt/java/hotspot/jdk-15+36!/jdk.jartool" type="simple" />
            <root url="jrt:///opt/java/hotspot/jdk-15+36!/jdk.javadoc" type="simple" />
            <root url="jrt:///opt/java/hotspot/jdk-15+36!/jdk.jcmd" type="simple" />
            <root url="jrt:///opt/java/hotspot/jdk-15+36!/jdk.jconsole" type="simple" />
            <root url="jrt:///opt/java/hotspot/jdk-15+36!/jdk.jdeps" type="simple" />
            <root url="jrt:///opt/java/hotspot/jdk-15+36!/jdk.jdi" type="simple" />
            <root url="jrt:///opt/java/hotspot/jdk-15+36!/jdk.jdwp.agent" type="simple" />
            <root url="jrt:///opt/java/hotspot/jdk-15+36!/jdk.jfr" type="simple" />
            <root url="jrt:///opt/java/hotspot/jdk-15+36!/jdk.jlink" type="simple" />
            <root url="jrt:///opt/java/hotspot/jdk-15+36!/jdk.jshell" type="simple" />
            <root url="jrt:///opt/java/hotspot/jdk-15+36!/jdk.jsobject" type="simple" />
            <root url="jrt:///opt/java/hotspot/jdk-15+36!/jdk.jstatd" type="simple" />
            <root url="jrt:///opt/java/hotspot/jdk-15+36!/jdk.localedata" type="simple" />
            <root url="jrt:///opt/java/hotspot/jdk-15+36!/jdk.management" type="simple" />
            <root url="jrt:///opt/java/hotspot/jdk-15+36!/jdk.management.agent" type="simple" />
            <root url="jrt:///opt/java/hotspot/jdk-15+36!/jdk.management.jfr" type="simple" />
            <root url="jrt:///opt/java/hotspot/jdk-15+36!/jdk.naming.dns" type="simple" />
            <root url="jrt:///opt/java/hotspot/jdk-15+36!/jdk.naming.rmi" type="simple" />
            <root url="jrt:///opt/java/hotspot/jdk-15+36!/jdk.net" type="simple" />
            <root url="jrt:///opt/java/hotspot/jdk-15+36!/jdk.nio.mapmode" type="simple" />
            <root url="jrt:///opt/java/hotspot/jdk-15+36!/jdk.sctp" type="simple" />
            <root url="jrt:///opt/java/hotspot/jdk-15+36!/jdk.security.auth" type="simple" />
            <root url="jrt:///opt/java/hotspot/jdk-15+36!/jdk.security.jgss" type="simple" />
            <root url="jrt:///opt/java/hotspot/jdk-15+36!/jdk.unsupported" type="simple" />
            <root url="jrt:///opt/java/hotspot/jdk-15+36!/jdk.unsupported.desktop" type="simple" />
            <root url="jrt:///opt/java/hotspot/jdk-15+36!/jdk.xml.dom" type="simple" />
            <root url="jrt:///opt/java/hotspot/jdk-15+36!/jdk.zipfs" type="simple" />
          </root>
        </classPath>
        <javadocPath>
          <root type="composite" />
        </javadocPath>
        <sourcePath>
          <root type="composite">
            <root url="jar:///opt/java/hotspot/jdk-15+36/lib/src.zip!/java.se" type="simple" />
            <root url="jar:///opt/java/hotspot/jdk-15+36/lib/src.zip!/jdk.aot" type="simple" />
            <root url="jar:///opt/java/hotspot/jdk-15+36/lib/src.zip!/jdk.jdi" type="simple" />
            <root url="jar:///opt/java/hotspot/jdk-15+36/lib/src.zip!/jdk.jfr" type="simple" />
            <root url="jar:///opt/java/hotspot/jdk-15+36/lib/src.zip!/jdk.net" type="simple" />
            <root url="jar:///opt/java/hotspot/jdk-15+36/lib/src.zip!/java.rmi" type="simple" />
            <root url="jar:///opt/java/hotspot/jdk-15+36/lib/src.zip!/java.sql" type="simple" />
            <root url="jar:///opt/java/hotspot/jdk-15+36/lib/src.zip!/java.xml" type="simple" />
            <root url="jar:///opt/java/hotspot/jdk-15+36/lib/src.zip!/jdk.jcmd" type="simple" />
            <root url="jar:///opt/java/hotspot/jdk-15+36/lib/src.zip!/jdk.sctp" type="simple" />
            <root url="jar:///opt/java/hotspot/jdk-15+36/lib/src.zip!/java.base" type="simple" />
            <root url="jar:///opt/java/hotspot/jdk-15+36/lib/src.zip!/jdk.jdeps" type="simple" />
            <root url="jar:///opt/java/hotspot/jdk-15+36/lib/src.zip!/jdk.jlink" type="simple" />
            <root url="jar:///opt/java/hotspot/jdk-15+36/lib/src.zip!/jdk.zipfs" type="simple" />
            <root url="jar:///opt/java/hotspot/jdk-15+36/lib/src.zip!/java.prefs" type="simple" />
            <root url="jar:///opt/java/hotspot/jdk-15+36/lib/src.zip!/jdk.attach" type="simple" />
            <root url="jar:///opt/java/hotspot/jdk-15+36/lib/src.zip!/jdk.jshell" type="simple" />
            <root url="jar:///opt/java/hotspot/jdk-15+36/lib/src.zip!/jdk.jstatd" type="simple" />
            <root url="jar:///opt/java/hotspot/jdk-15+36/lib/src.zip!/java.naming" type="simple" />
            <root url="jar:///opt/java/hotspot/jdk-15+36/lib/src.zip!/jdk.editpad" type="simple" />
            <root url="jar:///opt/java/hotspot/jdk-15+36/lib/src.zip!/jdk.jartool" type="simple" />
            <root url="jar:///opt/java/hotspot/jdk-15+36/lib/src.zip!/jdk.javadoc" type="simple" />
            <root url="jar:///opt/java/hotspot/jdk-15+36/lib/src.zip!/jdk.xml.dom" type="simple" />
            <root url="jar:///opt/java/hotspot/jdk-15+36/lib/src.zip!/java.desktop" type="simple" />
            <root url="jar:///opt/java/hotspot/jdk-15+36/lib/src.zip!/java.logging" type="simple" />
            <root url="jar:///opt/java/hotspot/jdk-15+36/lib/src.zip!/jdk.charsets" type="simple" />
            <root url="jar:///opt/java/hotspot/jdk-15+36/lib/src.zip!/jdk.compiler" type="simple" />
            <root url="jar:///opt/java/hotspot/jdk-15+36/lib/src.zip!/jdk.dynalink" type="simple" />
            <root url="jar:///opt/java/hotspot/jdk-15+36/lib/src.zip!/jdk.jconsole" type="simple" />
            <root url="jar:///opt/java/hotspot/jdk-15+36/lib/src.zip!/jdk.jsobject" type="simple" />
            <root url="jar:///opt/java/hotspot/jdk-15+36/lib/src.zip!/java.compiler" type="simple" />
            <root url="jar:///opt/java/hotspot/jdk-15+36/lib/src.zip!/java.net.http" type="simple" />
            <root url="jar:///opt/java/hotspot/jdk-15+36/lib/src.zip!/jdk.crypto.ec" type="simple" />
            <root url="jar:///opt/java/hotspot/jdk-15+36/lib/src.zip!/java.scripting" type="simple" />
            <root url="jar:///opt/java/hotspot/jdk-15+36/lib/src.zip!/jdk.httpserver" type="simple" />
            <root url="jar:///opt/java/hotspot/jdk-15+36/lib/src.zip!/jdk.jdwp.agent" type="simple" />
            <root url="jar:///opt/java/hotspot/jdk-15+36/lib/src.zip!/jdk.localedata" type="simple" />
            <root url="jar:///opt/java/hotspot/jdk-15+36/lib/src.zip!/jdk.management" type="simple" />
            <root url="jar:///opt/java/hotspot/jdk-15+36/lib/src.zip!/jdk.naming.dns" type="simple" />
            <root url="jar:///opt/java/hotspot/jdk-15+36/lib/src.zip!/jdk.naming.rmi" type="simple" />
            <root url="jar:///opt/java/hotspot/jdk-15+36/lib/src.zip!/java.instrument" type="simple" />
            <root url="jar:///opt/java/hotspot/jdk-15+36/lib/src.zip!/java.management" type="simple" />
            <root url="jar:///opt/java/hotspot/jdk-15+36/lib/src.zip!/java.sql.rowset" type="simple" />
            <root url="jar:///opt/java/hotspot/jdk-15+36/lib/src.zip!/java.xml.crypto" type="simple" />
            <root url="jar:///opt/java/hotspot/jdk-15+36/lib/src.zip!/jdk.internal.ed" type="simple" />
            <root url="jar:///opt/java/hotspot/jdk-15+36/lib/src.zip!/jdk.internal.le" type="simple" />
            <root url="jar:///opt/java/hotspot/jdk-15+36/lib/src.zip!/jdk.nio.mapmode" type="simple" />
            <root url="jar:///opt/java/hotspot/jdk-15+36/lib/src.zip!/jdk.unsupported" type="simple" />
            <root url="jar:///opt/java/hotspot/jdk-15+36/lib/src.zip!/java.smartcardio" type="simple" />
            <root url="jar:///opt/java/hotspot/jdk-15+36/lib/src.zip!/jdk.internal.opt" type="simple" />
            <root url="jar:///opt/java/hotspot/jdk-15+36/lib/src.zip!/java.datatransfer" type="simple" />
            <root url="jar:///opt/java/hotspot/jdk-15+36/lib/src.zip!/jdk.accessibility" type="simple" />
            <root url="jar:///opt/java/hotspot/jdk-15+36/lib/src.zip!/jdk.hotspot.agent" type="simple" />
            <root url="jar:///opt/java/hotspot/jdk-15+36/lib/src.zip!/jdk.security.auth" type="simple" />
            <root url="jar:///opt/java/hotspot/jdk-15+36/lib/src.zip!/jdk.security.jgss" type="simple" />
            <root url="jar:///opt/java/hotspot/jdk-15+36/lib/src.zip!/java.security.jgss" type="simple" />
            <root url="jar:///opt/java/hotspot/jdk-15+36/lib/src.zip!/java.security.sasl" type="simple" />
            <root url="jar:///opt/java/hotspot/jdk-15+36/lib/src.zip!/jdk.internal.vm.ci" type="simple" />
            <root url="jar:///opt/java/hotspot/jdk-15+36/lib/src.zip!/jdk.management.jfr" type="simple" />
            <root url="jar:///opt/java/hotspot/jdk-15+36/lib/src.zip!/java.management.rmi" type="simple" />
            <root url="jar:///opt/java/hotspot/jdk-15+36/lib/src.zip!/java.transaction.xa" type="simple" />
            <root url="jar:///opt/java/hotspot/jdk-15+36/lib/src.zip!/jdk.crypto.cryptoki" type="simple" />
            <root url="jar:///opt/java/hotspot/jdk-15+36/lib/src.zip!/jdk.internal.jvmstat" type="simple" />
            <root url="jar:///opt/java/hotspot/jdk-15+36/lib/src.zip!/jdk.management.agent" type="simple" />
            <root url="jar:///opt/java/hotspot/jdk-15+36/lib/src.zip!/jdk.incubator.foreign" type="simple" />
            <root url="jar:///opt/java/hotspot/jdk-15+36/lib/src.zip!/jdk.incubator.jpackage" type="simple" />
            <root url="jar:///opt/java/hotspot/jdk-15+36/lib/src.zip!/jdk.unsupported.desktop" type="simple" />
            <root url="jar:///opt/java/hotspot/jdk-15+36/lib/src.zip!/jdk.internal.vm.compiler" type="simple" />
            <root url="jar:///opt/java/hotspot/jdk-15+36/lib/src.zip!/jdk.internal.vm.compiler.management" type="simple" />
          </root>
        </sourcePath>
      </roots>
      <additional />
    </jdk>
  </component>
</application>