<application>
  <component name="ProjectManager">
    <defaultProject>
      <component name="DefaultGradleProjectSettings">
        <option name="testRunner" value="GRADLE" />
        <option name="delegatedBuild" value="true" />
      </component>
      <component name="Encoding">
        <file url="PROJECT" charset="UTF-8" />
      </component>
      <component name="GradleLocalSettings">
        <option name="projectSyncType">
          <map>
            <entry key="$USER_HOME$/GIT/xstefank/eventuate-sagas" value="PREVIEW" />
            <entry key="$USER_HOME$/GIT/xstefank/eventuate-service" value="PREVIEW" />
            <entry key="$USER_HOME$/GIT/xstefank/eventuate-tram-service" value="PREVIEW" />
            <entry key="$USER_HOME$/GIT/xstefank/learning-tests/tram-lt" value="PREVIEW" />
            <entry key="$USER_HOME$/GIT/xstefank/workshops/eventuate-local" value="PREVIEW" />
            <entry key="$USER_HOME$/junk/open-liberty/dev" value="PREVIEW" />
          </map>
        </option>
      </component>
      <component name="MavenImportPreferences">
        <option name="generalSettings">
          <MavenGeneralSettings>
            <option name="mavenHome" value="$APPLICATION_HOME_DIR$/plugins/maven/lib/maven3" />
          </MavenGeneralSettings>
        </option>
      </component>
      <component name="ProjectInspectionProfilesVisibleTreeState">
        <entry key="Project Default">
          <profile-state>
            <expanded-state>
              <State />
              <State>
                <id>Spelling</id>
              </State>
            </expanded-state>
            <selected-state>
              <State>
                <id>Spelling</id>
              </State>
            </selected-state>
          </profile-state>
        </entry>
      </component>
      <component name="ProjectLevelVcsManager">
        <ConfirmationsSetting value="1" id="Add" />
        <ConfirmationsSetting value="1" id="Remove" />
      </component>
      <component name="ProjectRootManager" version="2" languageLevel="JDK_1_8" project-jdk-name="1.8" project-jdk-type="JavaSDK" />
      <component name="ProjectViewState">
        <option name="showLibraryContents" value="true" />
      </component>
      <component name="PropertiesComponent">
        <property name="project.structure.last.edited" value="Problems" />
        <property name="project.structure.proportion" value="0.15" />
        <property name="project.structure.side.proportion" value="0.2" />
        <property name="settings.editor.selected.configurable" value="Errors" />
      </component>
      <component name="RunManager">
        <configuration default="true" type="Applet">
          <option name="POLICY_FILE" value="$APPLICATION_HOME_DIR$/bin/appletviewer.policy" />
          <method v="2">
            <option name="Make" enabled="true" />
          </method>
        </configuration>
        <configuration default="true" type="Application" factoryName="Application">
          <option name="WORKING_DIRECTORY" value="$PROJECT_DIR$" />
          <method v="2">
            <option name="Make" enabled="true" />
          </method>
        </configuration>
        <configuration default="true" type="JUnit" factoryName="JUnit">
          <option name="TEST_OBJECT" value="class" />
          <option name="WORKING_DIRECTORY" value="$MODULE_DIR$" />
          <method v="2">
            <option name="Make" enabled="true" />
          </method>
        </configuration>
        <configuration default="true" type="MavenRunConfiguration" factoryName="Maven">
          <MavenSettings>
            <option name="myGeneralSettings">
              <MavenGeneralSettings>
                <option name="alwaysUpdateSnapshots" value="false" />
                <option name="checksumPolicy" value="NOT_SET" />
                <option name="failureBehavior" value="NOT_SET" />
                <option name="localRepository" value="" />
                <option name="mavenHome" value="/opt/maven/apache-maven-3.6.2" />
                <option name="nonRecursive" value="false" />
                <option name="outputLevel" value="INFO" />
                <option name="pluginUpdatePolicy" value="DEFAULT" />
                <option name="printErrorStackTraces" value="true" />
                <option name="threads" />
                <option name="updateIndicesOnProjectOpen" value="true" />
                <option name="usePluginRegistry" value="false" />
                <option name="userSettingsFile" value="" />
                <option name="workOffline" value="false" />
              </MavenGeneralSettings>
            </option>
            <option name="myRunnerSettings" />
            <option name="myRunnerParameters">
              <MavenRunnerParameters>
                <option name="profiles">
                  <set />
                </option>
                <option name="goals">
                  <list />
                </option>
                <option name="pomFileName" />
                <option name="profilesMap">
                  <map />
                </option>
                <option name="resolveToWorkspace" value="false" />
                <option name="workingDirPath" value="" />
              </MavenRunnerParameters>
            </option>
          </MavenSettings>
          <method v="2" />
        </configuration>
        <configuration default="true" type="TestNG">
          <option name="TEST_OBJECT" value="CLASS" />
          <option name="WORKING_DIRECTORY" value="$MODULE_DIR$" />
          <properties />
          <listeners />
          <method v="2">
            <option name="Make" enabled="true" />
          </method>
        </configuration>
        <configuration default="true" type="#org.jetbrains.idea.devkit.run.PluginConfigurationType">
          <module name="" />
          <option name="VM_PARAMETERS" value="-Xmx512m -Xms256m -XX:MaxPermSize=250m -ea" />
          <option name="PROGRAM_PARAMETERS" />
          <predefined_log_file enabled="true" id="idea.log" />
          <method v="2">
            <option name="Make" enabled="true" />
          </method>
        </configuration>
      </component>
      <component name="SbtLocalSettings">
        <option name="modificationStamps">
          <map>
            <entry key="$USER_HOME$/GIT/scala-course1/week1/recfun" value="1462365530000" />
            <entry key="$USER_HOME$/GIT/scala-course1/week2/funsets" value="1468397399750" />
            <entry key="$USER_HOME$/GIT/scala-course1/week3/lecture3" value="1469439136436" />
            <entry key="$USER_HOME$/GIT/scala-course2/week1/example" value="1457113070000" />
            <entry key="$USER_HOME$/GIT/scala-course2/week2/streams" value="1464279852000" />
            <entry key="$USER_HOME$/GIT/scala-course2/week3/quickcheck" value="1464280970000" />
            <entry key="$USER_HOME$/GIT/scala-course2/week4/calculator" value="1465303746000" />
          </map>
        </option>
        <option name="externalProjectsViewState">
          <projects_view />
        </option>
      </component>
      <component name="VcsManagerConfiguration">
        <confirmRemoveEmptyChangelist value="1" />
      </component>
      <component name="masterDetails">
        <states>
          <state key="GlobalLibrariesConfigurable.UI">
            <settings>
              <last-edited>scala-sdk-2.11.8</last-edited>
              <splitter-proportions>
                <option name="proportions">
                  <list>
                    <option value="0.2" />
                  </list>
                </option>
              </splitter-proportions>
            </settings>
          </state>
          <state key="JdkListConfigurable.UI">
            <settings>
              <last-edited>1.8</last-edited>
              <splitter-proportions>
                <option name="proportions">
                  <list>
                    <option value="0.2" />
                  </list>
                </option>
              </splitter-proportions>
            </settings>
          </state>
          <state key="ProjectJDKs.UI">
            <settings>
              <last-edited>1.8-system</last-edited>
              <splitter-proportions>
                <option name="proportions">
                  <list>
                    <option value="0.2" />
                  </list>
                </option>
              </splitter-proportions>
            </settings>
          </state>
          <state key="ProjectLibrariesConfigurable.UI">
            <settings>
              <splitter-proportions>
                <option name="proportions">
                  <list>
                    <option value="0.2" />
                  </list>
                </option>
              </splitter-proportions>
            </settings>
          </state>
        </states>
      </component>
    </defaultProject>
  </component>
</application>